level	model	genus	n_reads	read_acc	n_training_species_in_genus	mean_max_ani
L1_strain	mt_250M	Achromobacter	5000	0.7716	1	98.47000000000003
L1_strain	mt_250M	Acidaminococcus	5000	0.7398	7	97.40999999999998
L1_strain	mt_250M	Adlercreutzia	5000	0.5554	1	96.07
L1_strain	mt_250M	Alistipes	9999	0.85998599859986	38	98.41
L1_strain	mt_250M	Anaeromassilibacillus	10000	0.7585	3	98.795
L1_strain	mt_250M	Anaerosporobacter	5000	0.4664	1	95.15999999999998
L1_strain	mt_250M	Bacillus	5000	0.7418	11	97.39999999999999
L1_strain	mt_250M	Bacteroides	9996	0.850640256102441	79	97.11833333333334
L1_strain	mt_250M	Barnesiella	10000	0.8191	3	98.75
L1_strain	mt_250M	Bifidobacterium	5000	0.6868	14	95.04999999999998
L1_strain	mt_250M	Blautia	10000	0.7491	46	98.34
L1_strain	mt_250M	Butyricicoccus	5000	0.6908	7	97.99
L1_strain	mt_250M	Butyricimonas	5000	0.8424	6	98.73
L1_strain	mt_250M	Catenibacterium	5000	0.7368	3	96.84000000000002
L1_strain	mt_250M	Citrobacter	5000	0.8176	3	97.14999999999999
L1_strain	mt_250M	Collinsella	5000	0.9906	349	95.02
L1_strain	mt_250M	Desulfovibrio	10000	0.7665	18	96.38500000000002
L1_strain	mt_250M	Dialister	5000	0.8578	17	96.91999999999997
L1_strain	mt_250M	Dorea	9999	0.6915691569156915	7	98.21333333333334
L1_strain	mt_250M	Eggerthella	5000	0.8338	20	98.86
L1_strain	mt_250M	Enterobacter	10000	0.8989	6	98.865
L1_strain	mt_250M	Enterococcus	10000	0.7783	9	97.4575
L1_strain	mt_250M	Eubacterium	5000	0.7798	29	98.93
L1_strain	mt_250M	Faecalibacterium	10000	0.7791	13	97.218
L1_strain	mt_250M	Finegoldia	5000	0.6074	3	97.60000000000001
L1_strain	mt_250M	Franconibacter	5000	0.6152	1	98.98
L1_strain	mt_250M	Fusobacterium	10000	0.8709	26	97.47
L1_strain	mt_250M	Klebsiella	10000	0.846	6	97.29
L1_strain	mt_250M	Lachnospira	5000	0.7224	6	95.58000000000003
L1_strain	mt_250M	Lactobacillus	5000	0.8132	25	98.44
L1_strain	mt_250M	Leuconostoc	10000	0.7368	3	97.65499999999997
L1_strain	mt_250M	Listeria	5000	0.878	1	98.75
L1_strain	mt_250M	Massiliomicrobiota	9999	0.6973697369736974	1	98.30333333333334
L1_strain	mt_250M	Megasphaera	10000	0.8343	13	97.7375
L1_strain	mt_250M	Negativicoccus	5000	0.6806	1	97.59000000000002
L1_strain	mt_250M	Odoribacter	5000	0.7364	7	98.44
L1_strain	mt_250M	Pantoea	5000	0.559	4	98.89
L1_strain	mt_250M	Parabacteroides	10000	0.7269	16	97.816
L1_strain	mt_250M	Paraprevotella	10000	0.8213	4	98.30000000000003
L1_strain	mt_250M	Pediococcus	5000	0.753	1	97.34000000000002
L1_strain	mt_250M	Peptoniphilus	10000	0.8141	9	96.60499999999998
L1_strain	mt_250M	Phascolarctobacterium	5000	0.8408	16	98.88
L1_strain	mt_250M	Phyllobacterium	5000	0.657	1	96.99
L1_strain	mt_250M	Porphyromonas	5000	0.6678	12	97.33000000000003
L1_strain	mt_250M	Proteus	5000	0.836	1	98.97000000000003
L1_strain	mt_250M	Providencia	5000	0.8796	5	98.65999999999998
L1_strain	mt_250M	Ralstonia	5000	0.6152	1	95.71000000000001
L1_strain	mt_250M	Roseburia	10000	0.7566	15	98.705
L1_strain	mt_250M	Ruminococcus	5000	0.8178	64	97.88
L1_strain	mt_250M	Sneathia	5000	0.7906	1	98.63
L1_strain	mt_250M	Sutterella	5000	0.863	28	98.14
L1_strain	mt_250M	Veillonella	9999	0.8744874487448745	22	95.92
L1_strain	mt_250M	Weissella	5000	0.7208	1	97.49
L1_strain	mt_50M	Achromobacter	5000	0.3646	1	98.47000000000003
L1_strain	mt_50M	Acidaminococcus	5000	0.6908	7	97.40999999999998
L1_strain	mt_50M	Adlercreutzia	5000	0.3936	1	96.07
L1_strain	mt_50M	Alistipes	9999	0.7868786878687869	38	98.41
L1_strain	mt_50M	Anaeromassilibacillus	10000	0.511	3	98.795
L1_strain	mt_50M	Anaerosporobacter	5000	0.2222	1	95.15999999999998
L1_strain	mt_50M	Bacillus	5000	0.3322	11	97.39999999999999
L1_strain	mt_50M	Bacteroides	9996	0.7127851140456183	79	97.11833333333334
L1_strain	mt_50M	Barnesiella	10000	0.6734	3	98.75
L1_strain	mt_50M	Bifidobacterium	5000	0.6128	14	95.04999999999998
L1_strain	mt_50M	Blautia	10000	0.5922	46	98.34
L1_strain	mt_50M	Butyricicoccus	5000	0.5786	7	97.99
L1_strain	mt_50M	Butyricimonas	5000	0.6548	6	98.73
L1_strain	mt_50M	Catenibacterium	5000	0.7252	3	96.84000000000002
L1_strain	mt_50M	Citrobacter	5000	0.5614	3	97.14999999999999
L1_strain	mt_50M	Collinsella	5000	0.9898	349	95.02
L1_strain	mt_50M	Desulfovibrio	10000	0.6684	18	96.38500000000002
L1_strain	mt_50M	Dialister	5000	0.7918	17	96.91999999999997
L1_strain	mt_50M	Dorea	9999	0.4454445444544454	7	98.21333333333334
L1_strain	mt_50M	Eggerthella	5000	0.5918	20	98.86
L1_strain	mt_50M	Enterobacter	10000	0.6315	6	98.865
L1_strain	mt_50M	Enterococcus	10000	0.5721	9	97.4575
L1_strain	mt_50M	Eubacterium	5000	0.6402	29	98.93
L1_strain	mt_50M	Faecalibacterium	10000	0.7238	13	97.218
L1_strain	mt_50M	Finegoldia	5000	0.3418	3	97.60000000000001
L1_strain	mt_50M	Franconibacter	5000	0.3612	1	98.98
L1_strain	mt_50M	Fusobacterium	10000	0.7866	26	97.47
L1_strain	mt_50M	Klebsiella	10000	0.6207	6	97.29
L1_strain	mt_50M	Lachnospira	5000	0.6792	6	95.58000000000003
L1_strain	mt_50M	Lactobacillus	5000	0.7462	25	98.44
L1_strain	mt_50M	Leuconostoc	10000	0.5872	3	97.65499999999997
L1_strain	mt_50M	Listeria	5000	0.5892	1	98.75
L1_strain	mt_50M	Massiliomicrobiota	9999	0.40464046404640464	1	98.30333333333334
L1_strain	mt_50M	Megasphaera	10000	0.7368	13	97.7375
L1_strain	mt_50M	Negativicoccus	5000	0.6274	1	97.59000000000002
L1_strain	mt_50M	Odoribacter	5000	0.502	7	98.44
L1_strain	mt_50M	Pantoea	5000	0.4466	4	98.89
L1_strain	mt_50M	Parabacteroides	10000	0.5154	16	97.816
L1_strain	mt_50M	Paraprevotella	10000	0.5386	4	98.30000000000003
L1_strain	mt_50M	Pediococcus	5000	0.6076	1	97.34000000000002
L1_strain	mt_50M	Peptoniphilus	10000	0.7173	9	96.60499999999998
L1_strain	mt_50M	Phascolarctobacterium	5000	0.758	16	98.88
L1_strain	mt_50M	Phyllobacterium	5000	0.2472	1	96.99
L1_strain	mt_50M	Porphyromonas	5000	0.6446	12	97.33000000000003
L1_strain	mt_50M	Proteus	5000	0.4626	1	98.97000000000003
L1_strain	mt_50M	Providencia	5000	0.6072	5	98.65999999999998
L1_strain	mt_50M	Ralstonia	5000	0.349	1	95.71000000000001
L1_strain	mt_50M	Roseburia	10000	0.5851	15	98.705
L1_strain	mt_50M	Ruminococcus	5000	0.7312	64	97.88
L1_strain	mt_50M	Sneathia	5000	0.6128	1	98.63
L1_strain	mt_50M	Sutterella	5000	0.6718	28	98.14
L1_strain	mt_50M	Veillonella	9999	0.8215821582158216	22	95.92
L1_strain	mt_50M	Weissella	5000	0.5366	1	97.49
L1_strain	mt_6mer	Achromobacter	5000	0.1488	1	98.47000000000003
L1_strain	mt_6mer	Acidaminococcus	5000	0.3394	7	97.40999999999998
L1_strain	mt_6mer	Adlercreutzia	5000	0.0	1	96.07
L1_strain	mt_6mer	Alistipes	9999	0.44154415441544154	38	98.41
L1_strain	mt_6mer	Anaeromassilibacillus	10000	0.0077	3	98.795
L1_strain	mt_6mer	Anaerosporobacter	5000	0.0	1	95.15999999999998
L1_strain	mt_6mer	Bacillus	5000	0.0094	11	97.39999999999999
L1_strain	mt_6mer	Bacteroides	9996	0.4610844337735094	79	97.11833333333334
L1_strain	mt_6mer	Barnesiella	10000	0.0898	3	98.75
L1_strain	mt_6mer	Bifidobacterium	5000	0.3636	14	95.04999999999998
L1_strain	mt_6mer	Blautia	10000	0.3629	46	98.34
L1_strain	mt_6mer	Butyricicoccus	5000	0.1582	7	97.99
L1_strain	mt_6mer	Butyricimonas	5000	0.263	6	98.73
L1_strain	mt_6mer	Catenibacterium	5000	0.0798	3	96.84000000000002
L1_strain	mt_6mer	Citrobacter	5000	0.0394	3	97.14999999999999
L1_strain	mt_6mer	Collinsella	5000	0.8348	349	95.02
L1_strain	mt_6mer	Desulfovibrio	10000	0.4007	18	96.38500000000002
L1_strain	mt_6mer	Dialister	5000	0.2122	17	96.91999999999997
L1_strain	mt_6mer	Dorea	9999	0.029102910291029103	7	98.21333333333334
L1_strain	mt_6mer	Eggerthella	5000	0.1178	20	98.86
L1_strain	mt_6mer	Enterobacter	10000	0.2565	6	98.865
L1_strain	mt_6mer	Enterococcus	10000	0.1536	9	97.4575
L1_strain	mt_6mer	Eubacterium	5000	0.1594	29	98.93
L1_strain	mt_6mer	Faecalibacterium	10000	0.4198	13	97.218
L1_strain	mt_6mer	Finegoldia	5000	0.0004	3	97.60000000000001
L1_strain	mt_6mer	Franconibacter	5000	0.0948	1	98.98
L1_strain	mt_6mer	Fusobacterium	10000	0.2443	26	97.47
L1_strain	mt_6mer	Klebsiella	10000	0.1455	6	97.29
L1_strain	mt_6mer	Lachnospira	5000	0.2454	6	95.58000000000003
L1_strain	mt_6mer	Lactobacillus	5000	0.4742	25	98.44
L1_strain	mt_6mer	Leuconostoc	10000	0.0747	3	97.65499999999997
L1_strain	mt_6mer	Listeria	5000	0.0084	1	98.75
L1_strain	mt_6mer	Massiliomicrobiota	9999	0.011801180118011801	1	98.30333333333334
L1_strain	mt_6mer	Megasphaera	10000	0.2896	13	97.7375
L1_strain	mt_6mer	Negativicoccus	5000	0.114	1	97.59000000000002
L1_strain	mt_6mer	Odoribacter	5000	0.1234	7	98.44
L1_strain	mt_6mer	Pantoea	5000	0.2114	4	98.89
L1_strain	mt_6mer	Parabacteroides	10000	0.1094	16	97.816
L1_strain	mt_6mer	Paraprevotella	10000	0.0205	4	98.30000000000003
L1_strain	mt_6mer	Pediococcus	5000	0.0584	1	97.34000000000002
L1_strain	mt_6mer	Peptoniphilus	10000	0.2359	9	96.60499999999998
L1_strain	mt_6mer	Phascolarctobacterium	5000	0.2648	16	98.88
L1_strain	mt_6mer	Phyllobacterium	5000	0.0356	1	96.99
L1_strain	mt_6mer	Porphyromonas	5000	0.4264	12	97.33000000000003
L1_strain	mt_6mer	Proteus	5000	0.0054	1	98.97000000000003
L1_strain	mt_6mer	Providencia	5000	0.1724	5	98.65999999999998
L1_strain	mt_6mer	Ralstonia	5000	0.0128	1	95.71000000000001
L1_strain	mt_6mer	Roseburia	10000	0.1296	15	98.705
L1_strain	mt_6mer	Ruminococcus	5000	0.5158	64	97.88
L1_strain	mt_6mer	Sneathia	5000	0.0	1	98.63
L1_strain	mt_6mer	Sutterella	5000	0.2896	28	98.14
L1_strain	mt_6mer	Veillonella	9999	0.49884988498849886	22	95.92
L1_strain	mt_6mer	Weissella	5000	0.0022	1	97.49
L1_strain	nt_v9	Achromobacter	5000	0.4668	1	98.47000000000003
L1_strain	nt_v9	Acidaminococcus	5000	0.5608	7	97.40999999999998
L1_strain	nt_v9	Adlercreutzia	5000	0.1144	1	96.07
L1_strain	nt_v9	Alistipes	9999	0.7475747574757475	38	98.41
L1_strain	nt_v9	Anaeromassilibacillus	10000	0.1767	3	98.795
L1_strain	nt_v9	Anaerosporobacter	5000	0.0654	1	95.15999999999998
L1_strain	nt_v9	Bacillus	5000	0.2318	11	97.39999999999999
L1_strain	nt_v9	Bacteroides	9996	0.7016806722689075	79	97.11833333333334
L1_strain	nt_v9	Barnesiella	10000	0.2923	3	98.75
L1_strain	nt_v9	Bifidobacterium	5000	0.5466	14	95.04999999999998
L1_strain	nt_v9	Blautia	10000	0.4377	46	98.34
L1_strain	nt_v9	Butyricicoccus	5000	0.3928	7	97.99
L1_strain	nt_v9	Butyricimonas	5000	0.4846	6	98.73
L1_strain	nt_v9	Catenibacterium	5000	0.4324	3	96.84000000000002
L1_strain	nt_v9	Citrobacter	5000	0.22	3	97.14999999999999
L1_strain	nt_v9	Collinsella	5000	0.9584	349	95.02
L1_strain	nt_v9	Desulfovibrio	10000	0.6155	18	96.38500000000002
L1_strain	nt_v9	Dialister	5000	0.606	17	96.91999999999997
L1_strain	nt_v9	Dorea	9999	0.1254125412541254	7	98.21333333333334
L1_strain	nt_v9	Eggerthella	5000	0.308	20	98.86
L1_strain	nt_v9	Enterobacter	10000	0.413	6	98.865
L1_strain	nt_v9	Enterococcus	10000	0.491	9	97.4575
L1_strain	nt_v9	Eubacterium	5000	0.4206	29	98.93
L1_strain	nt_v9	Faecalibacterium	10000	0.5856	13	97.218
L1_strain	nt_v9	Finegoldia	5000	0.1776	3	97.60000000000001
L1_strain	nt_v9	Franconibacter	5000	0.2124	1	98.98
L1_strain	nt_v9	Fusobacterium	10000	0.4113	26	97.47
L1_strain	nt_v9	Klebsiella	10000	0.4155	6	97.29
L1_strain	nt_v9	Lachnospira	5000	0.4308	6	95.58000000000003
L1_strain	nt_v9	Lactobacillus	5000	0.6	25	98.44
L1_strain	nt_v9	Leuconostoc	10000	0.226	3	97.65499999999997
L1_strain	nt_v9	Listeria	5000	0.1346	1	98.75
L1_strain	nt_v9	Massiliomicrobiota	9999	0.17501750175017503	1	98.30333333333334
L1_strain	nt_v9	Megasphaera	10000	0.543	13	97.7375
L1_strain	nt_v9	Negativicoccus	5000	0.3928	1	97.59000000000002
L1_strain	nt_v9	Odoribacter	5000	0.338	7	98.44
L1_strain	nt_v9	Pantoea	5000	0.3406	4	98.89
L1_strain	nt_v9	Parabacteroides	10000	0.2115	16	97.816
L1_strain	nt_v9	Paraprevotella	10000	0.1139	4	98.30000000000003
L1_strain	nt_v9	Pediococcus	5000	0.2616	1	97.34000000000002
L1_strain	nt_v9	Peptoniphilus	10000	0.5739	9	96.60499999999998
L1_strain	nt_v9	Phascolarctobacterium	5000	0.534	16	98.88
L1_strain	nt_v9	Phyllobacterium	5000	0.2134	1	96.99
L1_strain	nt_v9	Porphyromonas	5000	0.5604	12	97.33000000000003
L1_strain	nt_v9	Proteus	5000	0.1016	1	98.97000000000003
L1_strain	nt_v9	Providencia	5000	0.4388	5	98.65999999999998
L1_strain	nt_v9	Ralstonia	5000	0.2124	1	95.71000000000001
L1_strain	nt_v9	Roseburia	10000	0.3004	15	98.705
L1_strain	nt_v9	Ruminococcus	5000	0.7078	64	97.88
L1_strain	nt_v9	Sneathia	5000	0.0136	1	98.63
L1_strain	nt_v9	Sutterella	5000	0.519	28	98.14
L1_strain	nt_v9	Veillonella	9999	0.742074207420742	22	95.92
L1_strain	nt_v9	Weissella	5000	0.0814	1	97.49
L1_strain	kraken2	Achromobacter	5000	0.881	1	98.47000000000003
L1_strain	kraken2	Acidaminococcus	5000	0.7434	7	97.40999999999998
L1_strain	kraken2	Adlercreutzia	5000	0.6494	1	96.07
L1_strain	kraken2	Alistipes	9999	0.8204820482048205	38	98.41
L1_strain	kraken2	Anaeromassilibacillus	10000	0.8141	3	98.795
L1_strain	kraken2	Anaerosporobacter	5000	0.7362	1	95.15999999999998
L1_strain	kraken2	Bacillus	5000	0.858	11	97.39999999999999
L1_strain	kraken2	Bacteroides	9996	0.6612645058023209	79	97.11833333333334
L1_strain	kraken2	Barnesiella	10000	0.8281	3	98.75
L1_strain	kraken2	Bifidobacterium	5000	0.6842	14	95.04999999999998
L1_strain	kraken2	Blautia	10000	0.739	46	98.34
L1_strain	kraken2	Butyricicoccus	5000	0.7538	7	97.99
L1_strain	kraken2	Butyricimonas	5000	0.8258	6	98.73
L1_strain	kraken2	Catenibacterium	5000	0.7474	3	96.84000000000002
L1_strain	kraken2	Citrobacter	5000	0.7824	3	97.14999999999999
L1_strain	kraken2	Collinsella	5000	0.1992	349	95.02
L1_strain	kraken2	Desulfovibrio	10000	0.8	18	96.38500000000002
L1_strain	kraken2	Dialister	5000	0.8542	17	96.91999999999997
L1_strain	kraken2	Dorea	9999	0.6824682468246824	7	98.21333333333334
L1_strain	kraken2	Eggerthella	5000	0.8582	20	98.86
L1_strain	kraken2	Enterobacter	10000	0.898	6	98.865
L1_strain	kraken2	Enterococcus	10000	0.802	9	97.4575
L1_strain	kraken2	Eubacterium	5000	0.3844	29	98.93
L1_strain	kraken2	Faecalibacterium	10000	0.7414	13	97.218
L1_strain	kraken2	Finegoldia	5000	0.7466	3	97.60000000000001
L1_strain	kraken2	Franconibacter	5000	0.6542	1	98.98
L1_strain	kraken2	Fusobacterium	10000	0.8829	26	97.47
L1_strain	kraken2	Klebsiella	10000	0.8491	6	97.29
L1_strain	kraken2	Lachnospira	5000	0.6364	6	95.58000000000003
L1_strain	kraken2	Lactobacillus	5000	0.7946	25	98.44
L1_strain	kraken2	Leuconostoc	10000	0.7759	3	97.65499999999997
L1_strain	kraken2	Listeria	5000	0.9304	1	98.75
L1_strain	kraken2	Massiliomicrobiota	9999	0.755075507550755	1	98.30333333333334
L1_strain	kraken2	Megasphaera	10000	0.8401	13	97.7375
L1_strain	kraken2	Negativicoccus	5000	0.8232	1	97.59000000000002
L1_strain	kraken2	Odoribacter	5000	0.7442	7	98.44
L1_strain	kraken2	Pantoea	5000	0.6136	4	98.89
L1_strain	kraken2	Parabacteroides	10000	0.742	16	97.816
L1_strain	kraken2	Paraprevotella	10000	0.8331	4	98.30000000000003
L1_strain	kraken2	Pediococcus	5000	0.8184	1	97.34000000000002
L1_strain	kraken2	Peptoniphilus	10000	0.8207	9	96.60499999999998
L1_strain	kraken2	Phascolarctobacterium	5000	0.8112	16	98.88
L1_strain	kraken2	Phyllobacterium	5000	0.7946	1	96.99
L1_strain	kraken2	Porphyromonas	5000	0.693	12	97.33000000000003
L1_strain	kraken2	Proteus	5000	0.8902	1	98.97000000000003
L1_strain	kraken2	Providencia	5000	0.9082	5	98.65999999999998
L1_strain	kraken2	Ralstonia	5000	0.795	1	95.71000000000001
L1_strain	kraken2	Roseburia	10000	0.7057	15	98.705
L1_strain	kraken2	Ruminococcus	5000	0.796	64	97.88
L1_strain	kraken2	Sneathia	5000	0.8868	1	98.63
L1_strain	kraken2	Sutterella	5000	0.8944	28	98.14
L1_strain	kraken2	Veillonella	9999	0.8171817181718172	22	95.92
L1_strain	kraken2	Weissella	5000	0.8228	1	97.49
L1_strain	nb_13mer	Achromobacter	264	0.06060606060606061	1	98.47000000000001
L1_strain	nb_13mer	Acidaminococcus	302	0.6125827814569537	7	97.40999999999997
L1_strain	nb_13mer	Adlercreutzia	288	0.17708333333333334	1	96.07
L1_strain	nb_13mer	Alistipes	543	0.8158379373848987	38	98.39906077348067
L1_strain	nb_13mer	Anaeromassilibacillus	523	0.39579349904397704	3	98.79523900573612
L1_strain	nb_13mer	Anaerosporobacter	290	0.1482758620689655	1	95.15999999999998
L1_strain	nb_13mer	Bacillus	261	0.19540229885057472	11	97.4
L1_strain	nb_13mer	Bacteroides	570	0.5859649122807018	79	97.15482456140352
L1_strain	nb_13mer	Barnesiella	556	0.4694244604316547	3	98.75143884892087
L1_strain	nb_13mer	Bifidobacterium	272	0.6948529411764706	14	95.04999999999998
L1_strain	nb_13mer	Blautia	535	0.6766355140186916	46	98.33145794392523
L1_strain	nb_13mer	Butyricicoccus	261	0.5019157088122606	7	97.99
L1_strain	nb_13mer	Butyricimonas	297	0.5791245791245792	6	98.73
L1_strain	nb_13mer	Catenibacterium	276	0.5362318840579711	3	96.84000000000002
L1_strain	nb_13mer	Citrobacter	270	0.5481481481481482	3	97.15
L1_strain	nb_13mer	Collinsella	291	0.9037800687285223	349	95.02
L1_strain	nb_13mer	Desulfovibrio	541	0.7356746765249538	18	96.39465804066545
L1_strain	nb_13mer	Dialister	299	0.7625418060200669	17	96.91999999999999
L1_strain	nb_13mer	Dorea	548	0.4051094890510949	7	98.29160583941606
L1_strain	nb_13mer	Eggerthella	264	0.20454545454545456	20	98.85999999999997
L1_strain	nb_13mer	Enterobacter	532	0.6597744360902256	6	98.86830827067669
L1_strain	nb_13mer	Enterococcus	570	0.5631578947368421	9	97.51622807017544
L1_strain	nb_13mer	Eubacterium	282	0.549645390070922	29	98.93
L1_strain	nb_13mer	Faecalibacterium	557	0.748653500897666	13	97.18475763016157
L1_strain	nb_13mer	Finegoldia	263	0.21292775665399238	3	97.60000000000001
L1_strain	nb_13mer	Franconibacter	267	0.2546816479400749	1	98.98
L1_strain	nb_13mer	Fusobacterium	572	0.8286713286713286	26	97.48510489510488
L1_strain	nb_13mer	Klebsiella	557	0.6319569120287253	6	97.2871813285458
L1_strain	nb_13mer	Lachnospira	286	0.5874125874125874	6	95.58000000000001
L1_strain	nb_13mer	Lactobacillus	259	0.6988416988416989	25	98.44000000000001
L1_strain	nb_13mer	Leuconostoc	541	0.47504621072088726	3	97.69268022181144
L1_strain	nb_13mer	Listeria	277	0.4007220216606498	1	98.75
L1_strain	nb_13mer	Massiliomicrobiota	549	0.15482695810564662	1	98.301985428051
L1_strain	nb_13mer	Megasphaera	545	0.7045871559633028	13	97.7865504587156
L1_strain	nb_13mer	Negativicoccus	258	0.6627906976744186	1	97.59
L1_strain	nb_13mer	Odoribacter	262	0.42366412213740456	7	98.44
L1_strain	nb_13mer	Pantoea	287	0.4912891986062718	4	98.89000000000001
L1_strain	nb_13mer	Parabacteroides	541	0.4787430683918669	16	97.78149722735675
L1_strain	nb_13mer	Paraprevotella	565	0.4778761061946903	4	98.27801769911505
L1_strain	nb_13mer	Pediococcus	259	0.5521235521235521	1	97.34
L1_strain	nb_13mer	Peptoniphilus	526	0.6749049429657795	9	96.60731939163497
L1_strain	nb_13mer	Phascolarctobacterium	264	0.6856060606060606	16	98.88000000000001
L1_strain	nb_13mer	Phyllobacterium	258	0.12015503875968993	1	96.99
L1_strain	nb_13mer	Porphyromonas	266	0.5977443609022557	12	97.33
L1_strain	nb_13mer	Proteus	294	0.3843537414965986	1	98.97000000000003
L1_strain	nb_13mer	Providencia	241	0.4979253112033195	5	98.66000000000001
L1_strain	nb_13mer	Ralstonia	249	0.12449799196787148	1	95.71000000000001
L1_strain	nb_13mer	Roseburia	540	0.524074074074074	15	98.69399999999999
L1_strain	nb_13mer	Ruminococcus	279	0.7096774193548387	64	97.88
L1_strain	nb_13mer	Sneathia	257	0.08949416342412451	1	98.63000000000001
L1_strain	nb_13mer	Sutterella	266	0.6466165413533834	28	98.14000000000001
L1_strain	nb_13mer	Veillonella	580	0.7448275862068966	22	95.8905
L1_strain	nb_13mer	Weissella	300	0.43333333333333335	1	97.49
L1_strain	nb_6mer	Achromobacter	264	0.5909090909090909	1	98.47000000000001
L1_strain	nb_6mer	Acidaminococcus	302	0.347682119205298	7	97.40999999999997
L1_strain	nb_6mer	Adlercreutzia	288	0.19444444444444445	1	96.07
L1_strain	nb_6mer	Alistipes	543	0.24125230202578268	38	98.39906077348067
L1_strain	nb_6mer	Anaeromassilibacillus	523	0.05927342256214149	3	98.79523900573612
L1_strain	nb_6mer	Anaerosporobacter	290	0.22413793103448276	1	95.15999999999998
L1_strain	nb_6mer	Bacillus	261	0.03065134099616858	11	97.4
L1_strain	nb_6mer	Bacteroides	570	0.17192982456140352	79	97.15482456140352
L1_strain	nb_6mer	Barnesiella	556	0.18705035971223022	3	98.75143884892087
L1_strain	nb_6mer	Bifidobacterium	272	0.27205882352941174	14	95.04999999999998
L1_strain	nb_6mer	Blautia	535	0.21869158878504674	46	98.33145794392523
L1_strain	nb_6mer	Butyricicoccus	261	0.23371647509578544	7	97.99
L1_strain	nb_6mer	Butyricimonas	297	0.30303030303030304	6	98.73
L1_strain	nb_6mer	Catenibacterium	276	0.4673913043478261	3	96.84000000000002
L1_strain	nb_6mer	Citrobacter	270	0.15925925925925927	3	97.15
L1_strain	nb_6mer	Collinsella	291	0.36082474226804123	349	95.02
L1_strain	nb_6mer	Desulfovibrio	541	0.26062846580406657	18	96.39465804066545
L1_strain	nb_6mer	Dialister	299	0.2140468227424749	17	96.91999999999999
L1_strain	nb_6mer	Dorea	548	0.16970802919708028	7	98.29160583941606
L1_strain	nb_6mer	Eggerthella	264	0.022727272727272728	20	98.85999999999997
L1_strain	nb_6mer	Enterobacter	532	0.16165413533834586	6	98.86830827067669
L1_strain	nb_6mer	Enterococcus	570	0.21228070175438596	9	97.51622807017544
L1_strain	nb_6mer	Eubacterium	282	0.05673758865248227	29	98.93
L1_strain	nb_6mer	Faecalibacterium	557	0.31597845601436264	13	97.18475763016157
L1_strain	nb_6mer	Finegoldia	263	0.1444866920152091	3	97.60000000000001
L1_strain	nb_6mer	Franconibacter	267	0.2696629213483146	1	98.98
L1_strain	nb_6mer	Fusobacterium	572	0.49125874125874125	26	97.48510489510488
L1_strain	nb_6mer	Klebsiella	557	0.14183123877917414	6	97.2871813285458
L1_strain	nb_6mer	Lachnospira	286	0.4090909090909091	6	95.58000000000001
L1_strain	nb_6mer	Lactobacillus	259	0.11196911196911197	25	98.44000000000001
L1_strain	nb_6mer	Leuconostoc	541	0.22735674676524953	3	97.69268022181144
L1_strain	nb_6mer	Listeria	277	0.18050541516245489	1	98.75
L1_strain	nb_6mer	Massiliomicrobiota	549	0.3806921675774135	1	98.301985428051
L1_strain	nb_6mer	Megasphaera	545	0.21284403669724772	13	97.7865504587156
L1_strain	nb_6mer	Negativicoccus	258	0.3488372093023256	1	97.59
L1_strain	nb_6mer	Odoribacter	262	0.20610687022900764	7	98.44
L1_strain	nb_6mer	Pantoea	287	0.2857142857142857	4	98.89000000000001
L1_strain	nb_6mer	Parabacteroides	541	0.12014787430683918	16	97.78149722735675
L1_strain	nb_6mer	Paraprevotella	565	0.1663716814159292	4	98.27801769911505
L1_strain	nb_6mer	Pediococcus	259	0.3745173745173745	1	97.34
L1_strain	nb_6mer	Peptoniphilus	526	0.30228136882129275	9	96.60731939163497
L1_strain	nb_6mer	Phascolarctobacterium	264	0.19318181818181818	16	98.88000000000001
L1_strain	nb_6mer	Phyllobacterium	258	0.27906976744186046	1	96.99
L1_strain	nb_6mer	Porphyromonas	266	0.35714285714285715	12	97.33
L1_strain	nb_6mer	Proteus	294	0.1360544217687075	1	98.97000000000003
L1_strain	nb_6mer	Providencia	241	0.18672199170124482	5	98.66000000000001
L1_strain	nb_6mer	Ralstonia	249	0.3172690763052209	1	95.71000000000001
L1_strain	nb_6mer	Roseburia	540	0.17407407407407408	15	98.69399999999999
L1_strain	nb_6mer	Ruminococcus	279	0.27598566308243727	64	97.88
L1_strain	nb_6mer	Sneathia	257	0.5603112840466926	1	98.63000000000001
L1_strain	nb_6mer	Sutterella	266	0.22180451127819548	28	98.14000000000001
L1_strain	nb_6mer	Veillonella	580	0.34655172413793106	22	95.8905
L1_strain	nb_6mer	Weissella	300	0.17	1	97.49
L1_strain	L29	Achromobacter	5000	0.5152	1	98.47000000000003
L1_strain	L29	Acidaminococcus	5000	0.6176	7	97.40999999999998
L1_strain	L29	Adlercreutzia	5000	0.1822	1	96.07
L1_strain	L29	Alistipes	9999	0.7472747274727473	38	98.41
L1_strain	L29	Anaeromassilibacillus	10000	0.2602	3	98.795
L1_strain	L29	Anaerosporobacter	5000	0.105	1	95.15999999999998
L1_strain	L29	Bacillus	5000	0.2926	11	97.39999999999999
L1_strain	L29	Bacteroides	9996	0.6808723489395758	79	97.11833333333334
L1_strain	L29	Barnesiella	10000	0.38	3	98.75
L1_strain	L29	Bifidobacterium	5000	0.5886	14	95.04999999999998
L1_strain	L29	Blautia	10000	0.4592	46	98.34
L1_strain	L29	Butyricicoccus	5000	0.4806	7	97.99
L1_strain	L29	Butyricimonas	5000	0.5214	6	98.73
L1_strain	L29	Catenibacterium	5000	0.4972	3	96.84000000000002
L1_strain	L29	Citrobacter	5000	0.239	3	97.14999999999999
L1_strain	L29	Collinsella	5000	0.9592	349	95.02
L1_strain	L29	Desulfovibrio	10000	0.6403	18	96.38500000000002
L1_strain	L29	Dialister	5000	0.6572	17	96.91999999999997
L1_strain	L29	Dorea	9999	0.17391739173917392	7	98.21333333333334
L1_strain	L29	Eggerthella	5000	0.4086	20	98.86
L1_strain	L29	Enterobacter	10000	0.4342	6	98.865
L1_strain	L29	Enterococcus	10000	0.5292	9	97.4575
L1_strain	L29	Eubacterium	5000	0.4576	29	98.93
L1_strain	L29	Faecalibacterium	10000	0.6223	13	97.218
L1_strain	L29	Finegoldia	5000	0.234	3	97.60000000000001
L1_strain	L29	Franconibacter	5000	0.294	1	98.98
L1_strain	L29	Fusobacterium	10000	0.5118	26	97.47
L1_strain	L29	Klebsiella	10000	0.4533	6	97.29
L1_strain	L29	Lachnospira	5000	0.4792	6	95.58000000000003
L1_strain	L29	Lactobacillus	5000	0.6302	25	98.44
L1_strain	L29	Leuconostoc	10000	0.2736	3	97.65499999999997
L1_strain	L29	Listeria	5000	0.1848	1	98.75
L1_strain	L29	Massiliomicrobiota	9999	0.2802280228022802	1	98.30333333333334
L1_strain	L29	Megasphaera	10000	0.5939	13	97.7375
L1_strain	L29	Negativicoccus	5000	0.4522	1	97.59000000000002
L1_strain	L29	Odoribacter	5000	0.3864	7	98.44
L1_strain	L29	Pantoea	5000	0.3988	4	98.89
L1_strain	L29	Parabacteroides	10000	0.2581	16	97.816
L1_strain	L29	Paraprevotella	10000	0.1944	4	98.30000000000003
L1_strain	L29	Pediococcus	5000	0.3342	1	97.34000000000002
L1_strain	L29	Peptoniphilus	10000	0.6179	9	96.60499999999998
L1_strain	L29	Phascolarctobacterium	5000	0.5758	16	98.88
L1_strain	L29	Phyllobacterium	5000	0.2758	1	96.99
L1_strain	L29	Porphyromonas	5000	0.594	12	97.33000000000003
L1_strain	L29	Proteus	5000	0.1506	1	98.97000000000003
L1_strain	L29	Providencia	5000	0.4612	5	98.65999999999998
L1_strain	L29	Ralstonia	5000	0.2862	1	95.71000000000001
L1_strain	L29	Roseburia	10000	0.3441	15	98.705
L1_strain	L29	Ruminococcus	5000	0.7364	64	97.88
L1_strain	L29	Sneathia	5000	0.062	1	98.63
L1_strain	L29	Sutterella	5000	0.5468	28	98.14
L1_strain	L29	Veillonella	9999	0.7493749374937494	22	95.92
L1_strain	L29	Weissella	5000	0.1344	1	97.49
L2_species	mt_250M	Achromobacter	9996	0.21198479391756703	1	85.16857142857143
L2_species	mt_250M	Acidaminococcus	5000	0.6474	7	89.68
L2_species	mt_250M	Acinetobacter	5000	0.1504	4	82.86
L2_species	mt_250M	Actinomyces	9999	0.5166516651665166	18	89.50333333333333
L2_species	mt_250M	Adlercreutzia	5000	0.4166	1	93.93
L2_species	mt_250M	Aeromonas	10000	0.2647	1	87.72375
L2_species	mt_250M	Akkermansia	10000	0.1401	4	83.78
L2_species	mt_250M	Alistipes	5000	0.6128	38	84.67
L2_species	mt_250M	Anaerococcus	10000	0.2614	9	87.802
L2_species	mt_250M	Anaerofustis	5000	0.1224	1	89.73
L2_species	mt_250M	Anaerostipes	5000	0.0326	1	83.5
L2_species	mt_250M	Bacillus	9996	0.48189275710284113	11	91.65571428571428
L2_species	mt_250M	Bacteroides	5000	0.6944	79	88.98
L2_species	mt_250M	Barnesiella	5000	0.2016	3	86.26
L2_species	mt_250M	Blautia	10000	0.585	46	91.22500000000001
L2_species	mt_250M	Butyricimonas	5000	0.6728	6	94.5
L2_species	mt_250M	Campylobacter	5000	0.6298	5	94.01
L2_species	mt_250M	Catenibacterium	5000	0.685	3	94.27
L2_species	mt_250M	Citrobacter	9996	0.5434173669467787	3	90.75166666666668
L2_species	mt_250M	Collinsella	5000	0.9898	349	94.99
L2_species	mt_250M	Coprococcus	5000	0.4516	6	92.97000000000003
L2_species	mt_250M	Edwardsiella	9996	0.14235694277711083	2	85.50666666666667
L2_species	mt_250M	Eggerthella	5000	0.3144	20	89.76
L2_species	mt_250M	Enterobacter	9996	0.6380552220888356	6	89.63666666666667
L2_species	mt_250M	Exiguobacterium	10000	0.3866	2	90.035
L2_species	mt_250M	Faecalibacterium	9999	0.5783578357835784	13	91.87333333333333
L2_species	mt_250M	Franconibacter	10000	0.0965	1	89.24499999999998
L2_species	mt_250M	Fusobacterium	9999	0.7534753475347534	26	93.45666666666666
L2_species	mt_250M	Gemella	5000	0.2212	1	93.46000000000001
L2_species	mt_250M	Granulicatella	5000	0.2948	3	90.45000000000002
L2_species	mt_250M	Helicobacter	5000	0.3672	9	82.08
L2_species	mt_250M	Klebsiella	9999	0.3842384238423842	6	85.99
L2_species	mt_250M	Lactobacillus	9999	0.46114611461146116	25	86.75333333333336
L2_species	mt_250M	Leuconostoc	10000	0.5065	3	93.345
L2_species	mt_250M	Listeria	10000	0.1455	1	87.108
L2_species	mt_250M	Marvinbryantia	5000	0.1018	1	87.41999999999997
L2_species	mt_250M	Massiliomicrobiota	5000	0.1024	1	87.14
L2_species	mt_250M	Megasphaera	5000	0.6468	13	90.49
L2_species	mt_250M	Morganella	5000	0.5388	1	93.73
L2_species	mt_250M	Neisseria	5000	0.599	1	93.47000000000003
L2_species	mt_250M	Oscillibacter	5000	0.4646	15	88.77999999999997
L2_species	mt_250M	Pantoea	9999	0.30603060306030605	4	88.72666666666666
L2_species	mt_250M	Parabacteroides	5000	0.4384	16	87.88
L2_species	mt_250M	Phyllobacterium	10000	0.0983	1	83.71
L2_species	mt_250M	Porphyromonas	5000	0.872	12	94.85000000000001
L2_species	mt_250M	Proteus	9996	0.09033613445378151	1	84.08857142857143
L2_species	mt_250M	Providencia	10000	0.4461	5	88.245
L2_species	mt_250M	Pseudomonas	5000	0.4514	4	84.37
L2_species	mt_250M	Ralstonia	9996	0.18577430972388956	1	86.44285714285715
L2_species	mt_250M	Rothia	5000	0.15	1	87.33000000000003
L2_species	mt_250M	Sanguibacteroides	5000	0.176	1	88.14
L2_species	mt_250M	Solobacterium	5000	0.2628	36	91.52
L2_species	mt_250M	Staphylococcus	5000	0.736	5	94.64
L2_species	mt_250M	Streptococcus	10000	0.4249	21	89.08
L2_species	mt_250M	Subdoligranulum	5000	0.0726	3	87.14
L2_species	mt_250M	Veillonella	9999	0.9401940194019401	22	94.74
L2_species	mt_250M	Weissella	5000	0.0914	1	83.79
L2_species	mt_50M	Achromobacter	9996	0.08773509403761505	1	85.16857142857143
L2_species	mt_50M	Acidaminococcus	5000	0.6264	7	89.68
L2_species	mt_50M	Acinetobacter	5000	0.1626	4	82.86
L2_species	mt_50M	Actinomyces	9999	0.43204320432043203	18	89.50333333333333
L2_species	mt_50M	Adlercreutzia	5000	0.316	1	93.93
L2_species	mt_50M	Aeromonas	10000	0.1409	1	87.72375
L2_species	mt_50M	Akkermansia	10000	0.1457	4	83.78
L2_species	mt_50M	Alistipes	5000	0.578	38	84.67
L2_species	mt_50M	Anaerococcus	10000	0.3054	9	87.802
L2_species	mt_50M	Anaerofustis	5000	0.1328	1	89.73
L2_species	mt_50M	Anaerostipes	5000	0.028	1	83.5
L2_species	mt_50M	Bacillus	9996	0.20858343337334934	11	91.65571428571428
L2_species	mt_50M	Bacteroides	5000	0.6096	79	88.98
L2_species	mt_50M	Barnesiella	5000	0.308	3	86.26
L2_species	mt_50M	Blautia	10000	0.4957	46	91.22500000000001
L2_species	mt_50M	Butyricimonas	5000	0.5456	6	94.5
L2_species	mt_50M	Campylobacter	5000	0.649	5	94.01
L2_species	mt_50M	Catenibacterium	5000	0.6868	3	94.27
L2_species	mt_50M	Citrobacter	9996	0.35194077631052423	3	90.75166666666668
L2_species	mt_50M	Collinsella	5000	0.987	349	94.99
L2_species	mt_50M	Coprococcus	5000	0.424	6	92.97000000000003
L2_species	mt_50M	Edwardsiella	9996	0.10474189675870348	2	85.50666666666667
L2_species	mt_50M	Eggerthella	5000	0.2278	20	89.76
L2_species	mt_50M	Enterobacter	9996	0.4339735894357743	6	89.63666666666667
L2_species	mt_50M	Exiguobacterium	10000	0.3106	2	90.035
L2_species	mt_50M	Faecalibacterium	9999	0.5489548954895489	13	91.87333333333333
L2_species	mt_50M	Franconibacter	10000	0.0435	1	89.24499999999998
L2_species	mt_50M	Fusobacterium	9999	0.7094709470947095	26	93.45666666666666
L2_species	mt_50M	Gemella	5000	0.1916	1	93.46000000000001
L2_species	mt_50M	Granulicatella	5000	0.3028	3	90.45000000000002
L2_species	mt_50M	Helicobacter	5000	0.4516	9	82.08
L2_species	mt_50M	Klebsiella	9999	0.2881288128812881	6	85.99
L2_species	mt_50M	Lactobacillus	9999	0.46784678467846785	25	86.75333333333336
L2_species	mt_50M	Leuconostoc	10000	0.3818	3	93.345
L2_species	mt_50M	Listeria	10000	0.1057	1	87.108
L2_species	mt_50M	Marvinbryantia	5000	0.049	1	87.41999999999997
L2_species	mt_50M	Massiliomicrobiota	5000	0.0506	1	87.14
L2_species	mt_50M	Megasphaera	5000	0.6072	13	90.49
L2_species	mt_50M	Morganella	5000	0.3082	1	93.73
L2_species	mt_50M	Neisseria	5000	0.4504	1	93.47000000000003
L2_species	mt_50M	Oscillibacter	5000	0.4662	15	88.77999999999997
L2_species	mt_50M	Pantoea	9999	0.2542254225422542	4	88.72666666666666
L2_species	mt_50M	Parabacteroides	5000	0.3478	16	87.88
L2_species	mt_50M	Phyllobacterium	10000	0.0274	1	83.71
L2_species	mt_50M	Porphyromonas	5000	0.887	12	94.85000000000001
L2_species	mt_50M	Proteus	9996	0.05822328931572629	1	84.08857142857143
L2_species	mt_50M	Providencia	10000	0.3477	5	88.245
L2_species	mt_50M	Pseudomonas	5000	0.2956	4	84.37
L2_species	mt_50M	Ralstonia	9996	0.14105642256902762	1	86.44285714285715
L2_species	mt_50M	Rothia	5000	0.1742	1	87.33000000000003
L2_species	mt_50M	Sanguibacteroides	5000	0.1186	1	88.14
L2_species	mt_50M	Solobacterium	5000	0.2382	36	91.52
L2_species	mt_50M	Staphylococcus	5000	0.6274	5	94.64
L2_species	mt_50M	Streptococcus	10000	0.3979	21	89.08
L2_species	mt_50M	Subdoligranulum	5000	0.0652	3	87.14
L2_species	mt_50M	Veillonella	9999	0.9272927292729273	22	94.74
L2_species	mt_50M	Weissella	5000	0.066	1	83.79
L2_species	mt_6mer	Achromobacter	9996	0.05042016806722689	1	85.16857142857143
L2_species	mt_6mer	Acidaminococcus	5000	0.4812	7	89.68
L2_species	mt_6mer	Acinetobacter	5000	0.1158	4	82.86
L2_species	mt_6mer	Actinomyces	9999	0.32993299329932996	18	89.50333333333333
L2_species	mt_6mer	Adlercreutzia	5000	0.0	1	93.93
L2_species	mt_6mer	Aeromonas	10000	0.152	1	87.72375
L2_species	mt_6mer	Akkermansia	10000	0.1752	4	83.78
L2_species	mt_6mer	Alistipes	5000	0.3796	38	84.67
L2_species	mt_6mer	Anaerococcus	10000	0.1175	9	87.802
L2_species	mt_6mer	Anaerofustis	5000	0.0144	1	89.73
L2_species	mt_6mer	Anaerostipes	5000	0.0	1	83.5
L2_species	mt_6mer	Bacillus	9996	0.01250500200080032	11	91.65571428571428
L2_species	mt_6mer	Bacteroides	5000	0.55	79	88.98
L2_species	mt_6mer	Barnesiella	5000	0.1426	3	86.26
L2_species	mt_6mer	Blautia	10000	0.3896	46	91.22500000000001
L2_species	mt_6mer	Butyricimonas	5000	0.284	6	94.5
L2_species	mt_6mer	Campylobacter	5000	0.5644	5	94.01
L2_species	mt_6mer	Catenibacterium	5000	0.0756	3	94.27
L2_species	mt_6mer	Citrobacter	9996	0.034013605442176874	3	90.75166666666668
L2_species	mt_6mer	Collinsella	5000	0.8252	349	94.99
L2_species	mt_6mer	Coprococcus	5000	0.1746	6	92.97000000000003
L2_species	mt_6mer	Edwardsiella	9996	0.02701080432172869	2	85.50666666666667
L2_species	mt_6mer	Eggerthella	5000	0.1088	20	89.76
L2_species	mt_6mer	Enterobacter	9996	0.24459783913565425	6	89.63666666666667
L2_species	mt_6mer	Exiguobacterium	10000	0.1507	2	90.035
L2_species	mt_6mer	Faecalibacterium	9999	0.35173517351735173	13	91.87333333333333
L2_species	mt_6mer	Franconibacter	10000	0.0792	1	89.24499999999998
L2_species	mt_6mer	Fusobacterium	9999	0.23562356235623563	26	93.45666666666666
L2_species	mt_6mer	Gemella	5000	0.0006	1	93.46000000000001
L2_species	mt_6mer	Granulicatella	5000	0.0532	3	90.45000000000002
L2_species	mt_6mer	Helicobacter	5000	0.7012	9	82.08
L2_species	mt_6mer	Klebsiella	9999	0.11461146114611462	6	85.99
L2_species	mt_6mer	Lactobacillus	9999	0.47754775477547756	25	86.75333333333336
L2_species	mt_6mer	Leuconostoc	10000	0.0796	3	93.345
L2_species	mt_6mer	Listeria	10000	0.0056	1	87.108
L2_species	mt_6mer	Marvinbryantia	5000	0.001	1	87.41999999999997
L2_species	mt_6mer	Massiliomicrobiota	5000	0.0084	1	87.14
L2_species	mt_6mer	Megasphaera	5000	0.4134	13	90.49
L2_species	mt_6mer	Morganella	5000	0.1986	1	93.73
L2_species	mt_6mer	Neisseria	5000	0.1716	1	93.47000000000003
L2_species	mt_6mer	Oscillibacter	5000	0.3824	15	88.77999999999997
L2_species	mt_6mer	Pantoea	9999	0.25962596259625964	4	88.72666666666666
L2_species	mt_6mer	Parabacteroides	5000	0.139	16	87.88
L2_species	mt_6mer	Phyllobacterium	10000	0.0184	1	83.71
L2_species	mt_6mer	Porphyromonas	5000	0.7564	12	94.85000000000001
L2_species	mt_6mer	Proteus	9996	0.004501800720288115	1	84.08857142857143
L2_species	mt_6mer	Providencia	10000	0.1823	5	88.245
L2_species	mt_6mer	Pseudomonas	5000	0.1992	4	84.37
L2_species	mt_6mer	Ralstonia	9996	0.012605042016806723	1	86.44285714285715
L2_species	mt_6mer	Rothia	5000	0.0166	1	87.33000000000003
L2_species	mt_6mer	Sanguibacteroides	5000	0.0152	1	88.14
L2_species	mt_6mer	Solobacterium	5000	0.2384	36	91.52
L2_species	mt_6mer	Staphylococcus	5000	0.074	5	94.64
L2_species	mt_6mer	Streptococcus	10000	0.3681	21	89.08
L2_species	mt_6mer	Subdoligranulum	5000	0.003	3	87.14
L2_species	mt_6mer	Veillonella	9999	0.5222522252225222	22	94.74
L2_species	mt_6mer	Weissella	5000	0.0008	1	83.79
L2_species	nt_v9	Achromobacter	9996	0.23529411764705882	1	85.16857142857143
L2_species	nt_v9	Acidaminococcus	5000	0.683	7	89.68
L2_species	nt_v9	Acinetobacter	5000	0.3648	4	82.86
L2_species	nt_v9	Actinomyces	9999	0.5558555855585559	18	89.50333333333333
L2_species	nt_v9	Adlercreutzia	5000	0.1236	1	93.93
L2_species	nt_v9	Aeromonas	10000	0.3523	1	87.72375
L2_species	nt_v9	Akkermansia	10000	0.445	4	83.78
L2_species	nt_v9	Alistipes	5000	0.676	38	84.67
L2_species	nt_v9	Anaerococcus	10000	0.4082	9	87.802
L2_species	nt_v9	Anaerofustis	5000	0.2612	1	89.73
L2_species	nt_v9	Anaerostipes	5000	0.0058	1	83.5
L2_species	nt_v9	Bacillus	9996	0.23529411764705882	11	91.65571428571428
L2_species	nt_v9	Bacteroides	5000	0.7446	79	88.98
L2_species	nt_v9	Barnesiella	5000	0.3598	3	86.26
L2_species	nt_v9	Blautia	10000	0.4651	46	91.22500000000001
L2_species	nt_v9	Butyricimonas	5000	0.4898	6	94.5
L2_species	nt_v9	Campylobacter	5000	0.7558	5	94.01
L2_species	nt_v9	Catenibacterium	5000	0.4444	3	94.27
L2_species	nt_v9	Citrobacter	9996	0.1838735494197679	3	90.75166666666668
L2_species	nt_v9	Collinsella	5000	0.945	349	94.99
L2_species	nt_v9	Coprococcus	5000	0.4036	6	92.97000000000003
L2_species	nt_v9	Edwardsiella	9996	0.1136454581832733	2	85.50666666666667
L2_species	nt_v9	Eggerthella	5000	0.2578	20	89.76
L2_species	nt_v9	Enterobacter	9996	0.3910564225690276	6	89.63666666666667
L2_species	nt_v9	Exiguobacterium	10000	0.5807	2	90.035
L2_species	nt_v9	Faecalibacterium	9999	0.5007500750075008	13	91.87333333333333
L2_species	nt_v9	Franconibacter	10000	0.1575	1	89.24499999999998
L2_species	nt_v9	Fusobacterium	9999	0.41054105410541053	26	93.45666666666666
L2_species	nt_v9	Gemella	5000	0.0158	1	93.46000000000001
L2_species	nt_v9	Granulicatella	5000	0.2568	3	90.45000000000002
L2_species	nt_v9	Helicobacter	5000	0.6926	9	82.08
L2_species	nt_v9	Klebsiella	9999	0.3432343234323432	6	85.99
L2_species	nt_v9	Lactobacillus	9999	0.6061606160616062	25	86.75333333333336
L2_species	nt_v9	Leuconostoc	10000	0.2178	3	93.345
L2_species	nt_v9	Listeria	10000	0.1191	1	87.108
L2_species	nt_v9	Marvinbryantia	5000	0.0718	1	87.41999999999997
L2_species	nt_v9	Massiliomicrobiota	5000	0.142	1	87.14
L2_species	nt_v9	Megasphaera	5000	0.6938	13	90.49
L2_species	nt_v9	Morganella	5000	0.497	1	93.73
L2_species	nt_v9	Neisseria	5000	0.5004	1	93.47000000000003
L2_species	nt_v9	Oscillibacter	5000	0.6128	15	88.77999999999997
L2_species	nt_v9	Pantoea	9999	0.37373737373737376	4	88.72666666666666
L2_species	nt_v9	Parabacteroides	5000	0.2762	16	87.88
L2_species	nt_v9	Phyllobacterium	10000	0.114	1	83.71
L2_species	nt_v9	Porphyromonas	5000	0.8476	12	94.85000000000001
L2_species	nt_v9	Proteus	9996	0.0743297318927571	1	84.08857142857143
L2_species	nt_v9	Providencia	10000	0.4442	5	88.245
L2_species	nt_v9	Pseudomonas	5000	0.438	4	84.37
L2_species	nt_v9	Ralstonia	9996	0.13115246098439376	1	86.44285714285715
L2_species	nt_v9	Rothia	5000	0.234	1	87.33000000000003
L2_species	nt_v9	Sanguibacteroides	5000	0.069	1	88.14
L2_species	nt_v9	Solobacterium	5000	0.3944	36	91.52
L2_species	nt_v9	Staphylococcus	5000	0.3552	5	94.64
L2_species	nt_v9	Streptococcus	10000	0.6158	21	89.08
L2_species	nt_v9	Subdoligranulum	5000	0.0406	3	87.14
L2_species	nt_v9	Veillonella	9999	0.7683768376837684	22	94.74
L2_species	nt_v9	Weissella	5000	0.0608	1	83.79
L2_species	kraken2	Achromobacter	9996	0.22939175670268108	1	85.16857142857143
L2_species	kraken2	Acidaminococcus	5000	0.5796	7	89.68
L2_species	kraken2	Acinetobacter	5000	0.1462	4	82.86
L2_species	kraken2	Actinomyces	9999	0.46724672467246725	18	89.50333333333333
L2_species	kraken2	Adlercreutzia	5000	0.5722	1	93.93
L2_species	kraken2	Aeromonas	10000	0.3474	1	87.72375
L2_species	kraken2	Akkermansia	10000	0.1953	4	83.78
L2_species	kraken2	Alistipes	5000	0.316	38	84.67
L2_species	kraken2	Anaerococcus	10000	0.3702	9	87.802
L2_species	kraken2	Anaerofustis	5000	0.4506	1	89.73
L2_species	kraken2	Anaerostipes	5000	0.1128	1	83.5
L2_species	kraken2	Bacillus	9996	0.5910364145658263	11	91.65571428571428
L2_species	kraken2	Bacteroides	5000	0.4306	79	88.98
L2_species	kraken2	Barnesiella	5000	0.2196	3	86.26
L2_species	kraken2	Blautia	10000	0.5236	46	91.22500000000001
L2_species	kraken2	Butyricimonas	5000	0.6664	6	94.5
L2_species	kraken2	Campylobacter	5000	0.7042	5	94.01
L2_species	kraken2	Catenibacterium	5000	0.7308	3	94.27
L2_species	kraken2	Citrobacter	9996	0.5126050420168067	3	90.75166666666668
L2_species	kraken2	Collinsella	5000	0.1816	349	94.99
L2_species	kraken2	Coprococcus	5000	0.5058	6	92.97000000000003
L2_species	kraken2	Edwardsiella	9996	0.2075830332132853	2	85.50666666666667
L2_species	kraken2	Eggerthella	5000	0.3596	20	89.76
L2_species	kraken2	Enterobacter	9996	0.5221088435374149	6	89.63666666666667
L2_species	kraken2	Exiguobacterium	10000	0.4741	2	90.035
L2_species	kraken2	Faecalibacterium	9999	0.5226522652265226	13	91.87333333333333
L2_species	kraken2	Franconibacter	10000	0.2299	1	89.24499999999998
L2_species	kraken2	Fusobacterium	9999	0.8133813381338134	26	93.45666666666666
L2_species	kraken2	Gemella	5000	0.4352	1	93.46000000000001
L2_species	kraken2	Granulicatella	5000	0.3486	3	90.45000000000002
L2_species	kraken2	Helicobacter	5000	0.145	9	82.08
L2_species	kraken2	Klebsiella	9999	0.25552555255525555	6	85.99
L2_species	kraken2	Lactobacillus	9999	0.33933393339333934	25	86.75333333333336
L2_species	kraken2	Leuconostoc	10000	0.6423	3	93.345
L2_species	kraken2	Listeria	10000	0.3095	1	87.108
L2_species	kraken2	Marvinbryantia	5000	0.2098	1	87.41999999999997
L2_species	kraken2	Massiliomicrobiota	5000	0.2084	1	87.14
L2_species	kraken2	Megasphaera	5000	0.6256	13	90.49
L2_species	kraken2	Morganella	5000	0.675	1	93.73
L2_species	kraken2	Neisseria	5000	0.7094	1	93.47000000000003
L2_species	kraken2	Oscillibacter	5000	0.325	15	88.77999999999997
L2_species	kraken2	Pantoea	9999	0.35913591359135916	4	88.72666666666666
L2_species	kraken2	Parabacteroides	5000	0.408	16	87.88
L2_species	kraken2	Phyllobacterium	10000	0.1521	1	83.71
L2_species	kraken2	Porphyromonas	5000	0.7822	12	94.85000000000001
L2_species	kraken2	Proteus	9996	0.1715686274509804	1	84.08857142857143
L2_species	kraken2	Providencia	10000	0.424	5	88.245
L2_species	kraken2	Pseudomonas	5000	0.2034	4	84.37
L2_species	kraken2	Ralstonia	9996	0.27090836334533813	1	86.44285714285715
L2_species	kraken2	Rothia	5000	0.3026	1	87.33000000000003
L2_species	kraken2	Sanguibacteroides	5000	0.3858	1	88.14
L2_species	kraken2	Solobacterium	5000	0.2886	36	91.52
L2_species	kraken2	Staphylococcus	5000	0.8372	5	94.64
L2_species	kraken2	Streptococcus	10000	0.4156	21	89.08
L2_species	kraken2	Subdoligranulum	5000	0.2184	3	87.14
L2_species	kraken2	Veillonella	9999	0.6765676567656765	22	94.74
L2_species	kraken2	Weissella	5000	0.1874	1	83.79
L2_species	nb_13mer	Achromobacter	502	0.01195219123505976	1	85.2108764940239
L2_species	nb_13mer	Acidaminococcus	268	0.5708955223880597	7	89.68000000000002
L2_species	nb_13mer	Acinetobacter	245	0.1469387755102041	4	82.86
L2_species	nb_13mer	Actinomyces	487	0.3490759753593429	18	89.54227926078029
L2_species	nb_13mer	Adlercreutzia	221	0.12669683257918551	1	93.93000000000002
L2_species	nb_13mer	Aeromonas	495	0.04242424242424243	1	87.71612121212121
L2_species	nb_13mer	Akkermansia	491	0.0855397148676171	4	83.82334012219958
L2_species	nb_13mer	Alistipes	251	0.7051792828685259	38	84.66999999999999
L2_species	nb_13mer	Anaerococcus	496	0.21975806451612903	9	88.06008064516129
L2_species	nb_13mer	Anaerofustis	240	0.0875	1	89.73
L2_species	nb_13mer	Anaerostipes	259	0.007722007722007722	1	83.5
L2_species	nb_13mer	Bacillus	482	0.12655601659751037	11	91.63678423236514
L2_species	nb_13mer	Bacteroides	226	0.6150442477876106	79	88.98
L2_species	nb_13mer	Barnesiella	260	0.1423076923076923	3	86.26
L2_species	nb_13mer	Blautia	490	0.6448979591836734	46	91.33255102040816
L2_species	nb_13mer	Butyricimonas	245	0.5102040816326531	6	94.5
L2_species	nb_13mer	Campylobacter	262	0.6908396946564885	5	94.01
L2_species	nb_13mer	Catenibacterium	237	0.5274261603375527	3	94.27000000000001
L2_species	nb_13mer	Citrobacter	509	0.32220039292730845	3	90.80532416502948
L2_species	nb_13mer	Collinsella	270	0.8962962962962963	349	94.98999999999998
L2_species	nb_13mer	Coprococcus	245	0.40408163265306124	6	92.97
L2_species	nb_13mer	Edwardsiella	469	0.046908315565031986	2	85.48375266524518
L2_species	nb_13mer	Eggerthella	239	0.04184100418410042	20	89.76000000000002
L2_species	nb_13mer	Enterobacter	485	0.4865979381443299	6	89.67626804123711
L2_species	nb_13mer	Exiguobacterium	506	0.25889328063241107	2	90.01541501976284
L2_species	nb_13mer	Faecalibacterium	490	0.6612244897959184	13	91.94804081632651
L2_species	nb_13mer	Franconibacter	453	0.04415011037527594	1	89.24185430463572
L2_species	nb_13mer	Fusobacterium	507	0.757396449704142	26	93.45374753451676
L2_species	nb_13mer	Gemella	261	0.08045977011494253	1	93.46000000000002
L2_species	nb_13mer	Granulicatella	254	0.3110236220472441	3	90.45000000000002
L2_species	nb_13mer	Helicobacter	249	0.6385542168674698	9	82.08
L2_species	nb_13mer	Klebsiella	480	0.36041666666666666	6	86.18208333333335
L2_species	nb_13mer	Lactobacillus	489	0.46830265848670755	25	86.7475255623722
L2_species	nb_13mer	Leuconostoc	486	0.39300411522633744	3	93.4077160493827
L2_species	nb_13mer	Listeria	493	0.06288032454361055	1	87.00350912778906
L2_species	nb_13mer	Marvinbryantia	241	0.024896265560165973	1	87.42
L2_species	nb_13mer	Massiliomicrobiota	259	0.0	1	87.14000000000001
L2_species	nb_13mer	Megasphaera	235	0.6595744680851063	13	90.49
L2_species	nb_13mer	Morganella	213	0.19248826291079812	1	93.72999999999999
L2_species	nb_13mer	Neisseria	260	0.3153846153846154	1	93.47000000000001
L2_species	nb_13mer	Oscillibacter	251	0.6334661354581673	15	88.77999999999999
L2_species	nb_13mer	Pantoea	492	0.34959349593495936	4	88.44158536585365
L2_species	nb_13mer	Parabacteroides	261	0.29118773946360155	16	87.88000000000001
L2_species	nb_13mer	Phyllobacterium	476	0.029411764705882353	1	83.72210084033615
L2_species	nb_13mer	Porphyromonas	231	0.8917748917748918	12	94.85
L2_species	nb_13mer	Proteus	454	0.05286343612334802	1	84.07248898678414
L2_species	nb_13mer	Providencia	469	0.32409381663113007	5	88.34347547974413
L2_species	nb_13mer	Pseudomonas	249	0.06827309236947791	4	84.36999999999999
L2_species	nb_13mer	Ralstonia	467	0.014989293361884369	1	86.48089935760171
L2_species	nb_13mer	Rothia	218	0.14678899082568808	1	87.33000000000001
L2_species	nb_13mer	Sanguibacteroides	240	0.09583333333333334	1	88.14000000000003
L2_species	nb_13mer	Solobacterium	232	0.3922413793103448	36	91.52
L2_species	nb_13mer	Staphylococcus	258	0.4883720930232558	5	94.64000000000001
L2_species	nb_13mer	Streptococcus	484	0.45454545454545453	21	89.2689256198347
L2_species	nb_13mer	Subdoligranulum	225	0.017777777777777778	3	87.14000000000001
L2_species	nb_13mer	Veillonella	505	0.8772277227722772	22	94.72966336633664
L2_species	nb_13mer	Weissella	238	0.07563025210084033	1	83.79000000000002
L2_species	nb_6mer	Achromobacter	502	0.38247011952191234	1	85.2108764940239
L2_species	nb_6mer	Acidaminococcus	268	0.5111940298507462	7	89.68000000000002
L2_species	nb_6mer	Acinetobacter	245	0.22448979591836735	4	82.86
L2_species	nb_6mer	Actinomyces	487	0.018480492813141684	18	89.54227926078029
L2_species	nb_6mer	Adlercreutzia	221	0.2171945701357466	1	93.93000000000002
L2_species	nb_6mer	Aeromonas	495	0.3191919191919192	1	87.71612121212121
L2_species	nb_6mer	Akkermansia	491	0.23217922606924643	4	83.82334012219958
L2_species	nb_6mer	Alistipes	251	0.20717131474103587	38	84.66999999999999
L2_species	nb_6mer	Anaerococcus	496	0.26411290322580644	9	88.06008064516129
L2_species	nb_6mer	Anaerofustis	240	0.2625	1	89.73
L2_species	nb_6mer	Anaerostipes	259	0.10038610038610038	1	83.5
L2_species	nb_6mer	Bacillus	482	0.029045643153526972	11	91.63678423236514
L2_species	nb_6mer	Bacteroides	226	0.18141592920353983	79	88.98
L2_species	nb_6mer	Barnesiella	260	0.24615384615384617	3	86.26
L2_species	nb_6mer	Blautia	490	0.24693877551020407	46	91.33255102040816
L2_species	nb_6mer	Butyricimonas	245	0.37142857142857144	6	94.5
L2_species	nb_6mer	Campylobacter	262	0.4198473282442748	5	94.01
L2_species	nb_6mer	Catenibacterium	237	0.4936708860759494	3	94.27000000000001
L2_species	nb_6mer	Citrobacter	509	0.17092337917485265	3	90.80532416502948
L2_species	nb_6mer	Collinsella	270	0.32592592592592595	349	94.98999999999998
L2_species	nb_6mer	Coprococcus	245	0.3469387755102041	6	92.97
L2_species	nb_6mer	Edwardsiella	469	0.057569296375266525	2	85.48375266524518
L2_species	nb_6mer	Eggerthella	239	0.016736401673640166	20	89.76000000000002
L2_species	nb_6mer	Enterobacter	485	0.15051546391752577	6	89.67626804123711
L2_species	nb_6mer	Exiguobacterium	506	0.4308300395256917	2	90.01541501976284
L2_species	nb_6mer	Faecalibacterium	490	0.22244897959183674	13	91.94804081632651
L2_species	nb_6mer	Franconibacter	453	0.25386313465783666	1	89.24185430463572
L2_species	nb_6mer	Fusobacterium	507	0.4339250493096647	26	93.45374753451676
L2_species	nb_6mer	Gemella	261	0.30268199233716475	1	93.46000000000002
L2_species	nb_6mer	Granulicatella	254	0.17716535433070865	3	90.45000000000002
L2_species	nb_6mer	Helicobacter	249	0.6827309236947792	9	82.08
L2_species	nb_6mer	Klebsiella	480	0.13125	6	86.18208333333335
L2_species	nb_6mer	Lactobacillus	489	0.11860940695296524	25	86.7475255623722
L2_species	nb_6mer	Leuconostoc	486	0.23251028806584362	3	93.4077160493827
L2_species	nb_6mer	Listeria	493	0.1359026369168357	1	87.00350912778906
L2_species	nb_6mer	Marvinbryantia	241	0.23236514522821577	1	87.42
L2_species	nb_6mer	Massiliomicrobiota	259	0.3166023166023166	1	87.14000000000001
L2_species	nb_6mer	Megasphaera	235	0.251063829787234	13	90.49
L2_species	nb_6mer	Morganella	213	0.460093896713615	1	93.72999999999999
L2_species	nb_6mer	Neisseria	260	0.35384615384615387	1	93.47000000000001
L2_species	nb_6mer	Oscillibacter	251	0.38645418326693226	15	88.77999999999999
L2_species	nb_6mer	Pantoea	492	0.31097560975609756	4	88.44158536585365
L2_species	nb_6mer	Parabacteroides	261	0.11877394636015326	16	87.88000000000001
L2_species	nb_6mer	Phyllobacterium	476	0.2668067226890756	1	83.72210084033615
L2_species	nb_6mer	Porphyromonas	231	0.7142857142857143	12	94.85
L2_species	nb_6mer	Proteus	454	0.08370044052863436	1	84.07248898678414
L2_species	nb_6mer	Providencia	469	0.22174840085287847	5	88.34347547974413
L2_species	nb_6mer	Pseudomonas	249	0.08032128514056225	4	84.36999999999999
L2_species	nb_6mer	Ralstonia	467	0.18629550321199143	1	86.48089935760171
L2_species	nb_6mer	Rothia	218	0.21559633027522937	1	87.33000000000001
L2_species	nb_6mer	Sanguibacteroides	240	0.225	1	88.14000000000003
L2_species	nb_6mer	Solobacterium	232	0.07327586206896551	36	91.52
L2_species	nb_6mer	Staphylococcus	258	0.2751937984496124	5	94.64000000000001
L2_species	nb_6mer	Streptococcus	484	0.30578512396694213	21	89.2689256198347
L2_species	nb_6mer	Subdoligranulum	225	0.013333333333333334	3	87.14000000000001
L2_species	nb_6mer	Veillonella	505	0.3485148514851485	22	94.72966336633664
L2_species	nb_6mer	Weissella	238	0.15126050420168066	1	83.79000000000002
L2_species	L29	Achromobacter	9996	0.27090836334533813	1	85.16857142857143
L2_species	L29	Acidaminococcus	5000	0.7242	7	89.68
L2_species	L29	Acinetobacter	5000	0.4274	4	82.86
L2_species	L29	Actinomyces	9999	0.5725572557255726	18	89.50333333333333
L2_species	L29	Adlercreutzia	5000	0.1948	1	93.93
L2_species	L29	Aeromonas	10000	0.4285	1	87.72375
L2_species	L29	Akkermansia	10000	0.522	4	83.78
L2_species	L29	Alistipes	5000	0.6786	38	84.67
L2_species	L29	Anaerococcus	10000	0.4684	9	87.802
L2_species	L29	Anaerofustis	5000	0.363	1	89.73
L2_species	L29	Anaerostipes	5000	0.0148	1	83.5
L2_species	L29	Bacillus	9996	0.3040216086434574	11	91.65571428571428
L2_species	L29	Bacteroides	5000	0.7266	79	88.98
L2_species	L29	Barnesiella	5000	0.45	3	86.26
L2_species	L29	Blautia	10000	0.4902	46	91.22500000000001
L2_species	L29	Butyricimonas	5000	0.5324	6	94.5
L2_species	L29	Campylobacter	5000	0.7924	5	94.01
L2_species	L29	Catenibacterium	5000	0.512	3	94.27
L2_species	L29	Citrobacter	9996	0.19437775110044017	3	90.75166666666668
L2_species	L29	Collinsella	5000	0.9432	349	94.99
L2_species	L29	Coprococcus	5000	0.4582	6	92.97000000000003
L2_species	L29	Edwardsiella	9996	0.1375550220088035	2	85.50666666666667
L2_species	L29	Eggerthella	5000	0.3652	20	89.76
L2_species	L29	Enterobacter	9996	0.4092637054821929	6	89.63666666666667
L2_species	L29	Exiguobacterium	10000	0.6161	2	90.035
L2_species	L29	Faecalibacterium	9999	0.5403540354035403	13	91.87333333333333
L2_species	L29	Franconibacter	10000	0.2274	1	89.24499999999998
L2_species	L29	Fusobacterium	9999	0.5056505650565056	26	93.45666666666666
L2_species	L29	Gemella	5000	0.0536	1	93.46000000000001
L2_species	L29	Granulicatella	5000	0.3102	3	90.45000000000002
L2_species	L29	Helicobacter	5000	0.6944	9	82.08
L2_species	L29	Klebsiella	9999	0.37003700370037	6	85.99
L2_species	L29	Lactobacillus	9999	0.6237623762376238	25	86.75333333333336
L2_species	L29	Leuconostoc	10000	0.2706	3	93.345
L2_species	L29	Listeria	10000	0.1536	1	87.108
L2_species	L29	Marvinbryantia	5000	0.1174	1	87.41999999999997
L2_species	L29	Massiliomicrobiota	5000	0.2288	1	87.14
L2_species	L29	Megasphaera	5000	0.7156	13	90.49
L2_species	L29	Morganella	5000	0.5474	1	93.73
L2_species	L29	Neisseria	5000	0.576	1	93.47000000000003
L2_species	L29	Oscillibacter	5000	0.6162	15	88.77999999999997
L2_species	L29	Pantoea	9999	0.43364336433643363	4	88.72666666666666
L2_species	L29	Parabacteroides	5000	0.3296	16	87.88
L2_species	L29	Phyllobacterium	10000	0.1518	1	83.71
L2_species	L29	Porphyromonas	5000	0.8702	12	94.85000000000001
L2_species	L29	Proteus	9996	0.10784313725490197	1	84.08857142857143
L2_species	L29	Providencia	10000	0.4629	5	88.245
L2_species	L29	Pseudomonas	5000	0.4734	4	84.37
L2_species	L29	Ralstonia	9996	0.17647058823529413	1	86.44285714285715
L2_species	L29	Rothia	5000	0.35	1	87.33000000000003
L2_species	L29	Sanguibacteroides	5000	0.1038	1	88.14
L2_species	L29	Solobacterium	5000	0.4212	36	91.52
L2_species	L29	Staphylococcus	5000	0.388	5	94.64
L2_species	L29	Streptococcus	10000	0.641	21	89.08
L2_species	L29	Subdoligranulum	5000	0.0932	3	87.14
L2_species	L29	Veillonella	9999	0.7835783578357836	22	94.74
L2_species	L29	Weissella	5000	0.105	1	83.79
L2_far	mt_250M	Acinetobacter	9996	0.109343737494998	4	
L2_far	mt_250M	Actinomyces	10000	0.2949	18	
L2_far	mt_250M	Akkermansia	5000	0.0202	4	
L2_far	mt_250M	Anaerococcus	10000	0.0651	9	
L2_far	mt_250M	Anaeromassilibacillus	5000	0.0116	3	
L2_far	mt_250M	Anaerostipes	5000	0.0018	1	
L2_far	mt_250M	Anaerotignum	10000	0.0002	1	
L2_far	mt_250M	Anaerotruncus	5000	0.007	4	
L2_far	mt_250M	Atopobium	9996	0.002300920368147259	3	
L2_far	mt_250M	Azospirillum	10000	0.0007	6	
L2_far	mt_250M	Bifidobacterium	9996	0.20478191276510604	14	
L2_far	mt_250M	Blastococcus	10000	0.3177	1	
L2_far	mt_250M	Blautia	5000	0.1528	46	
L2_far	mt_250M	Brachyspira	10000	0.0035	1	
L2_far	mt_250M	Brevibacterium	10000	0.023	1	
L2_far	mt_250M	Butyricicoccus	5000	0.0552	7	
L2_far	mt_250M	Butyrivibrio	10000	0.0017	3	
L2_far	mt_250M	Campylobacter	9996	0.14295718287314926	5	
L2_far	mt_250M	Cellulomonas	10000	0.2781	1	
L2_far	mt_250M	Cloacibacillus	10000	0.0146	2	
L2_far	mt_250M	Clostridium	10000	0.7485	191	
L2_far	mt_250M	Collinsella	5000	0.0384	349	
L2_far	mt_250M	Coprobacillus	10000	0.0121	1	
L2_far	mt_250M	Corynebacterium	10000	0.1052	9	
L2_far	mt_250M	Cryptobacterium	5000	0.0008	2	
L2_far	mt_250M	Desulfovibrio	9996	0.20568227290916366	18	
L2_far	mt_250M	Dysgonomonas	10000	0.0636	4	
L2_far	mt_250M	Eggerthella	5000	0.121	20	
L2_far	mt_250M	Enterococcus	10000	0.1607	9	
L2_far	mt_250M	Eubacterium	9996	0.005802320928371348	29	
L2_far	mt_250M	Exiguobacterium	10000	0.1505	2	
L2_far	mt_250M	Flavobacterium	10000	0.0017	1	
L2_far	mt_250M	Garciella	5000	0.0136	1	
L2_far	mt_250M	Gemella	10000	0.0028	1	
L2_far	mt_250M	Gemmiger	10000	0.0103	1	
L2_far	mt_250M	Granulicatella	5000	0.0264	3	
L2_far	mt_250M	Halomonas	10000	0.025	1	
L2_far	mt_250M	Helicobacter	9996	0.26380552220888354	9	
L2_far	mt_250M	Lachnobacterium	5000	0.006	13	
L2_far	mt_250M	Lachnoclostridium	10000	0.0001	1	
L2_far	mt_250M	Lactobacillus	9999	0.27322732273227324	25	
L2_far	mt_250M	Leuconostoc	10000	0.0765	3	
L2_far	mt_250M	Listeria	10000	0.0098	1	
L2_far	mt_250M	Megamonas	5000	0.1222	3	
L2_far	mt_250M	Megasphaera	5000	0.0272	13	
L2_far	mt_250M	Neisseria	9996	0.0820328131252501	1	
L2_far	mt_250M	Nesterenkonia	10000	0.0309	1	
L2_far	mt_250M	Olsenella	10000	0.2702	9	
L2_far	mt_250M	Oribacterium	10000	0.0002	1	
L2_far	mt_250M	Oscillibacter	5000	0.2962	15	
L2_far	mt_250M	Oxalobacter	10000	0.0479	2	
L2_far	mt_250M	Paenibacillus	10000	0.0401	2	
L2_far	mt_250M	Pantoea	10000	0.0934	4	
L2_far	mt_250M	Parabacteroides	10000	0.1476	16	
L2_far	mt_250M	Pediococcus	9996	0.009903961584633853	1	
L2_far	mt_250M	Pelosinus	10000	0.0025	2	
L2_far	mt_250M	Peptoniphilus	10000	0.0619	9	
L2_far	mt_250M	Peptostreptococcus	9999	0.001000100010001	1	
L2_far	mt_250M	Phascolarctobacterium	10000	0.2886	16	
L2_far	mt_250M	Phyllobacterium	10000	0.0513	1	
L2_far	mt_250M	Porphyromonas	9996	0.018607442977190875	12	
L2_far	mt_250M	Prevotella	10000	0.3817	91	
L2_far	mt_250M	Propionibacterium	10000	0.0204	2	
L2_far	mt_250M	Propionimicrobium	10000	0.0055	1	
L2_far	mt_250M	Providencia	10000	0.3115	5	
L2_far	mt_250M	Pseudobutyrivibrio	10000	0.0005	2	
L2_far	mt_250M	Pseudomonas	9996	0.3435374149659864	4	
L2_far	mt_250M	Roseburia	9999	0.0633063306330633	15	
L2_far	mt_250M	Rothia	9996	0.006202480992396959	1	
L2_far	mt_250M	Ruminococcus	9996	0.21048419367747098	64	
L2_far	mt_250M	Selenomonas	9996	0.05732292917166867	5	
L2_far	mt_250M	Slackia	10000	0.0332	6	
L2_far	mt_250M	Sneathia	5000	0.0236	1	
L2_far	mt_250M	Sporolactobacillus	10000	0.0016	1	
L2_far	mt_250M	Staphylococcus	10000	0.1104	5	
L2_far	mt_250M	Streptococcus	9996	0.14735894357743098	21	
L2_far	mt_250M	Streptomyces	10000	0.2528	1	
L2_far	mt_250M	Subdoligranulum	5000	0.0276	3	
L2_far	mt_250M	Succinatimonas	5000	0.0028	3	
L2_far	mt_250M	Succiniclasticum	10000	0.0119	4	
L2_far	mt_250M	Sutterella	10000	0.4233	28	
L2_far	mt_250M	Treponema	10000	0.0049	4	
L2_far	mt_250M	Veillonella	5000	0.2154	22	
L2_far	mt_250M	Weissella	9996	0.013905562224889955	1	
L2_far	mt_250M	Xylanibacter	5000	0.0002	2	
L2_far	mt_50M	Acinetobacter	9996	0.13035214085634253	4	
L2_far	mt_50M	Actinomyces	10000	0.2823	18	
L2_far	mt_50M	Akkermansia	5000	0.023	4	
L2_far	mt_50M	Anaerococcus	10000	0.1043	9	
L2_far	mt_50M	Anaeromassilibacillus	5000	0.0142	3	
L2_far	mt_50M	Anaerostipes	5000	0.0032	1	
L2_far	mt_50M	Anaerotignum	10000	0.0	1	
L2_far	mt_50M	Anaerotruncus	5000	0.0094	4	
L2_far	mt_50M	Atopobium	9996	0.004501800720288115	3	
L2_far	mt_50M	Azospirillum	10000	0.0004	6	
L2_far	mt_50M	Bifidobacterium	9996	0.23959583833533413	14	
L2_far	mt_50M	Blastococcus	10000	0.3337	1	
L2_far	mt_50M	Blautia	5000	0.1594	46	
L2_far	mt_50M	Brachyspira	10000	0.0165	1	
L2_far	mt_50M	Brevibacterium	10000	0.0263	1	
L2_far	mt_50M	Butyricicoccus	5000	0.1134	7	
L2_far	mt_50M	Butyrivibrio	10000	0.0019	3	
L2_far	mt_50M	Campylobacter	9996	0.21228491396558624	5	
L2_far	mt_50M	Cellulomonas	10000	0.2597	1	
L2_far	mt_50M	Cloacibacillus	10000	0.0245	2	
L2_far	mt_50M	Clostridium	10000	0.7105	191	
L2_far	mt_50M	Collinsella	5000	0.0482	349	
L2_far	mt_50M	Coprobacillus	10000	0.0268	1	
L2_far	mt_50M	Corynebacterium	10000	0.139	9	
L2_far	mt_50M	Cryptobacterium	5000	0.006	2	
L2_far	mt_50M	Desulfovibrio	9996	0.24339735894357742	18	
L2_far	mt_50M	Dysgonomonas	10000	0.0778	4	
L2_far	mt_50M	Eggerthella	5000	0.1444	20	
L2_far	mt_50M	Enterococcus	10000	0.1634	9	
L2_far	mt_50M	Eubacterium	9996	0.005502200880352141	29	
L2_far	mt_50M	Exiguobacterium	10000	0.134	2	
L2_far	mt_50M	Flavobacterium	10000	0.0053	1	
L2_far	mt_50M	Garciella	5000	0.0092	1	
L2_far	mt_50M	Gemella	10000	0.0065	1	
L2_far	mt_50M	Gemmiger	10000	0.0037	1	
L2_far	mt_50M	Granulicatella	5000	0.0274	3	
L2_far	mt_50M	Halomonas	10000	0.0133	1	
L2_far	mt_50M	Helicobacter	9996	0.3820528211284514	9	
L2_far	mt_50M	Lachnobacterium	5000	0.0044	13	
L2_far	mt_50M	Lachnoclostridium	10000	0.0005	1	
L2_far	mt_50M	Lactobacillus	9999	0.31213121312131215	25	
L2_far	mt_50M	Leuconostoc	10000	0.0671	3	
L2_far	mt_50M	Listeria	10000	0.0124	1	
L2_far	mt_50M	Megamonas	5000	0.1018	3	
L2_far	mt_50M	Megasphaera	5000	0.032	13	
L2_far	mt_50M	Neisseria	9996	0.09553821528611445	1	
L2_far	mt_50M	Nesterenkonia	10000	0.0439	1	
L2_far	mt_50M	Olsenella	10000	0.2723	9	
L2_far	mt_50M	Oribacterium	10000	0.0018	1	
L2_far	mt_50M	Oscillibacter	5000	0.3042	15	
L2_far	mt_50M	Oxalobacter	10000	0.0332	2	
L2_far	mt_50M	Paenibacillus	10000	0.0154	2	
L2_far	mt_50M	Pantoea	10000	0.1005	4	
L2_far	mt_50M	Parabacteroides	10000	0.1425	16	
L2_far	mt_50M	Pediococcus	9996	0.011404561824729893	1	
L2_far	mt_50M	Pelosinus	10000	0.0016	2	
L2_far	mt_50M	Peptoniphilus	10000	0.0566	9	
L2_far	mt_50M	Peptostreptococcus	9999	0.0029002900290029	1	
L2_far	mt_50M	Phascolarctobacterium	10000	0.2973	16	
L2_far	mt_50M	Phyllobacterium	10000	0.0136	1	
L2_far	mt_50M	Porphyromonas	9996	0.05292116846738695	12	
L2_far	mt_50M	Prevotella	10000	0.3643	91	
L2_far	mt_50M	Propionibacterium	10000	0.0306	2	
L2_far	mt_50M	Propionimicrobium	10000	0.0087	1	
L2_far	mt_50M	Providencia	10000	0.2712	5	
L2_far	mt_50M	Pseudobutyrivibrio	10000	0.0007	2	
L2_far	mt_50M	Pseudomonas	9996	0.20598239295718287	4	
L2_far	mt_50M	Roseburia	9999	0.06920692069206921	15	
L2_far	mt_50M	Rothia	9996	0.013805522208883553	1	
L2_far	mt_50M	Ruminococcus	9996	0.2073829531812725	64	
L2_far	mt_50M	Selenomonas	9996	0.04481792717086835	5	
L2_far	mt_50M	Slackia	10000	0.0516	6	
L2_far	mt_50M	Sneathia	5000	0.0224	1	
L2_far	mt_50M	Sporolactobacillus	10000	0.0024	1	
L2_far	mt_50M	Staphylococcus	10000	0.1496	5	
L2_far	mt_50M	Streptococcus	9996	0.15286114445778312	21	
L2_far	mt_50M	Streptomyces	10000	0.193	1	
L2_far	mt_50M	Subdoligranulum	5000	0.0324	3	
L2_far	mt_50M	Succinatimonas	5000	0.016	3	
L2_far	mt_50M	Succiniclasticum	10000	0.0098	4	
L2_far	mt_50M	Sutterella	10000	0.3859	28	
L2_far	mt_50M	Treponema	10000	0.0077	4	
L2_far	mt_50M	Veillonella	5000	0.203	22	
L2_far	mt_50M	Weissella	9996	0.01050420168067227	1	
L2_far	mt_50M	Xylanibacter	5000	0.0002	2	
L2_far	mt_6mer	Acinetobacter	9996	0.08823529411764706	4	
L2_far	mt_6mer	Actinomyces	10000	0.2897	18	
L2_far	mt_6mer	Akkermansia	5000	0.0162	4	
L2_far	mt_6mer	Anaerococcus	10000	0.0782	9	
L2_far	mt_6mer	Anaeromassilibacillus	5000	0.0044	3	
L2_far	mt_6mer	Anaerostipes	5000	0.0	1	
L2_far	mt_6mer	Anaerotignum	10000	0.0005	1	
L2_far	mt_6mer	Anaerotruncus	5000	0.0044	4	
L2_far	mt_6mer	Atopobium	9996	0.027611044417767107	3	
L2_far	mt_6mer	Azospirillum	10000	0.0012	6	
L2_far	mt_6mer	Bifidobacterium	9996	0.29371748699479794	14	
L2_far	mt_6mer	Blastococcus	10000	0.1784	1	
L2_far	mt_6mer	Blautia	5000	0.2254	46	
L2_far	mt_6mer	Brachyspira	10000	0.0096	1	
L2_far	mt_6mer	Brevibacterium	10000	0.0102	1	
L2_far	mt_6mer	Butyricicoccus	5000	0.175	7	
L2_far	mt_6mer	Butyrivibrio	10000	0.0	3	
L2_far	mt_6mer	Campylobacter	9996	0.33813525410164064	5	
L2_far	mt_6mer	Cellulomonas	10000	0.7113	1	
L2_far	mt_6mer	Cloacibacillus	10000	0.03	2	
L2_far	mt_6mer	Clostridium	10000	0.8105	191	
L2_far	mt_6mer	Collinsella	5000	0.257	349	
L2_far	mt_6mer	Coprobacillus	10000	0.0114	1	
L2_far	mt_6mer	Corynebacterium	10000	0.0476	9	
L2_far	mt_6mer	Cryptobacterium	5000	0.0	2	
L2_far	mt_6mer	Desulfovibrio	9996	0.2261904761904762	18	
L2_far	mt_6mer	Dysgonomonas	10000	0.0025	4	
L2_far	mt_6mer	Eggerthella	5000	0.0736	20	
L2_far	mt_6mer	Enterococcus	10000	0.1169	9	
L2_far	mt_6mer	Eubacterium	9996	0.006702681072428972	29	
L2_far	mt_6mer	Exiguobacterium	10000	0.1309	2	
L2_far	mt_6mer	Flavobacterium	10000	0.0051	1	
L2_far	mt_6mer	Garciella	5000	0.0018	1	
L2_far	mt_6mer	Gemella	10000	0.0005	1	
L2_far	mt_6mer	Gemmiger	10000	0.0032	1	
L2_far	mt_6mer	Granulicatella	5000	0.0162	3	
L2_far	mt_6mer	Halomonas	10000	0.0184	1	
L2_far	mt_6mer	Helicobacter	9996	0.6183473389355743	9	
L2_far	mt_6mer	Lachnobacterium	5000	0.0008	13	
L2_far	mt_6mer	Lachnoclostridium	10000	0.0	1	
L2_far	mt_6mer	Lactobacillus	9999	0.48604860486048607	25	
L2_far	mt_6mer	Leuconostoc	10000	0.0836	3	
L2_far	mt_6mer	Listeria	10000	0.0014	1	
L2_far	mt_6mer	Megamonas	5000	0.0704	3	
L2_far	mt_6mer	Megasphaera	5000	0.0216	13	
L2_far	mt_6mer	Neisseria	9996	0.09833933573429372	1	
L2_far	mt_6mer	Nesterenkonia	10000	0.0294	1	
L2_far	mt_6mer	Olsenella	10000	0.0857	9	
L2_far	mt_6mer	Oribacterium	10000	0.0012	1	
L2_far	mt_6mer	Oscillibacter	5000	0.294	15	
L2_far	mt_6mer	Oxalobacter	10000	0.0999	2	
L2_far	mt_6mer	Paenibacillus	10000	0.0105	2	
L2_far	mt_6mer	Pantoea	10000	0.1361	4	
L2_far	mt_6mer	Parabacteroides	10000	0.0853	16	
L2_far	mt_6mer	Pediococcus	9996	0.0022008803521408565	1	
L2_far	mt_6mer	Pelosinus	10000	0.0	2	
L2_far	mt_6mer	Peptoniphilus	10000	0.0207	9	
L2_far	mt_6mer	Peptostreptococcus	9999	0.0	1	
L2_far	mt_6mer	Phascolarctobacterium	10000	0.3256	16	
L2_far	mt_6mer	Phyllobacterium	10000	0.0144	1	
L2_far	mt_6mer	Porphyromonas	9996	0.14225690276110445	12	
L2_far	mt_6mer	Prevotella	10000	0.333	91	
L2_far	mt_6mer	Propionibacterium	10000	0.0165	2	
L2_far	mt_6mer	Propionimicrobium	10000	0.0048	1	
L2_far	mt_6mer	Providencia	10000	0.179	5	
L2_far	mt_6mer	Pseudobutyrivibrio	10000	0.0	2	
L2_far	mt_6mer	Pseudomonas	9996	0.14745898359343737	4	
L2_far	mt_6mer	Roseburia	9999	0.032103210321032104	15	
L2_far	mt_6mer	Rothia	9996	0.005802320928371348	1	
L2_far	mt_6mer	Ruminococcus	9996	0.2064825930372149	64	
L2_far	mt_6mer	Selenomonas	9996	0.04411764705882353	5	
L2_far	mt_6mer	Slackia	10000	0.0684	6	
L2_far	mt_6mer	Sneathia	5000	0.0	1	
L2_far	mt_6mer	Sporolactobacillus	10000	0.0039	1	
L2_far	mt_6mer	Staphylococcus	10000	0.0821	5	
L2_far	mt_6mer	Streptococcus	9996	0.3104241696678671	21	
L2_far	mt_6mer	Streptomyces	10000	0.0526	1	
L2_far	mt_6mer	Subdoligranulum	5000	0.0032	3	
L2_far	mt_6mer	Succinatimonas	5000	0.025	3	
L2_far	mt_6mer	Succiniclasticum	10000	0.0032	4	
L2_far	mt_6mer	Sutterella	10000	0.4553	28	
L2_far	mt_6mer	Treponema	10000	0.0227	4	
L2_far	mt_6mer	Veillonella	5000	0.2266	22	
L2_far	mt_6mer	Weissella	9996	0.0006002400960384153	1	
L2_far	mt_6mer	Xylanibacter	5000	0.0	2	
L2_far	nt_v9	Acinetobacter	9996	0.27490996398559425	4	
L2_far	nt_v9	Actinomyces	10000	0.4259	18	
L2_far	nt_v9	Akkermansia	5000	0.1886	4	
L2_far	nt_v9	Anaerococcus	10000	0.3742	9	
L2_far	nt_v9	Anaeromassilibacillus	5000	0.0582	3	
L2_far	nt_v9	Anaerostipes	5000	0.0002	1	
L2_far	nt_v9	Anaerotignum	10000	0.0044	1	
L2_far	nt_v9	Anaerotruncus	5000	0.0052	4	
L2_far	nt_v9	Atopobium	9996	0.07462985194077632	3	
L2_far	nt_v9	Azospirillum	10000	0.0003	6	
L2_far	nt_v9	Bifidobacterium	9996	0.4021608643457383	14	
L2_far	nt_v9	Blastococcus	10000	0.464	1	
L2_far	nt_v9	Blautia	5000	0.235	46	
L2_far	nt_v9	Brachyspira	10000	0.0121	1	
L2_far	nt_v9	Brevibacterium	10000	0.0353	1	
L2_far	nt_v9	Butyricicoccus	5000	0.3134	7	
L2_far	nt_v9	Butyrivibrio	10000	0.0102	3	
L2_far	nt_v9	Campylobacter	9996	0.4996998799519808	5	
L2_far	nt_v9	Cellulomonas	10000	0.5464	1	
L2_far	nt_v9	Cloacibacillus	10000	0.1443	2	
L2_far	nt_v9	Clostridium	10000	0.8376	191	
L2_far	nt_v9	Collinsella	5000	0.2152	349	
L2_far	nt_v9	Coprobacillus	10000	0.0176	1	
L2_far	nt_v9	Corynebacterium	10000	0.255	9	
L2_far	nt_v9	Cryptobacterium	5000	0.0008	2	
L2_far	nt_v9	Desulfovibrio	9996	0.3876550620248099	18	
L2_far	nt_v9	Dysgonomonas	10000	0.1318	4	
L2_far	nt_v9	Eggerthella	5000	0.1702	20	
L2_far	nt_v9	Enterococcus	10000	0.3674	9	
L2_far	nt_v9	Eubacterium	9996	0.007603041216486595	29	
L2_far	nt_v9	Exiguobacterium	10000	0.5696	2	
L2_far	nt_v9	Flavobacterium	10000	0.0429	1	
L2_far	nt_v9	Garciella	5000	0.059	1	
L2_far	nt_v9	Gemella	10000	0.0056	1	
L2_far	nt_v9	Gemmiger	10000	0.0051	1	
L2_far	nt_v9	Granulicatella	5000	0.0842	3	
L2_far	nt_v9	Halomonas	10000	0.0608	1	
L2_far	nt_v9	Helicobacter	9996	0.6894757903161265	9	
L2_far	nt_v9	Lachnobacterium	5000	0.0014	13	
L2_far	nt_v9	Lachnoclostridium	10000	0.0	1	
L2_far	nt_v9	Lactobacillus	9999	0.5549554955495549	25	
L2_far	nt_v9	Leuconostoc	10000	0.2323	3	
L2_far	nt_v9	Listeria	10000	0.0267	1	
L2_far	nt_v9	Megamonas	5000	0.3038	3	
L2_far	nt_v9	Megasphaera	5000	0.057	13	
L2_far	nt_v9	Neisseria	9996	0.2927170868347339	1	
L2_far	nt_v9	Nesterenkonia	10000	0.1004	1	
L2_far	nt_v9	Olsenella	10000	0.2491	9	
L2_far	nt_v9	Oribacterium	10000	0.0033	1	
L2_far	nt_v9	Oscillibacter	5000	0.495	15	
L2_far	nt_v9	Oxalobacter	10000	0.237	2	
L2_far	nt_v9	Paenibacillus	10000	0.0738	2	
L2_far	nt_v9	Pantoea	10000	0.1709	4	
L2_far	nt_v9	Parabacteroides	10000	0.2007	16	
L2_far	nt_v9	Pediococcus	9996	0.008903561424569828	1	
L2_far	nt_v9	Pelosinus	10000	0.0077	2	
L2_far	nt_v9	Peptoniphilus	10000	0.0668	9	
L2_far	nt_v9	Peptostreptococcus	9999	0.0221022102210221	1	
L2_far	nt_v9	Phascolarctobacterium	10000	0.5944	16	
L2_far	nt_v9	Phyllobacterium	10000	0.0904	1	
L2_far	nt_v9	Porphyromonas	9996	0.12735094037615047	12	
L2_far	nt_v9	Prevotella	10000	0.5177	91	
L2_far	nt_v9	Propionibacterium	10000	0.0294	2	
L2_far	nt_v9	Propionimicrobium	10000	0.0231	1	
L2_far	nt_v9	Providencia	10000	0.4256	5	
L2_far	nt_v9	Pseudobutyrivibrio	10000	0.0007	2	
L2_far	nt_v9	Pseudomonas	9996	0.4169667867146859	4	
L2_far	nt_v9	Roseburia	9999	0.074007400740074	15	
L2_far	nt_v9	Rothia	9996	0.02771108443377351	1	
L2_far	nt_v9	Ruminococcus	9996	0.33693477390956383	64	
L2_far	nt_v9	Selenomonas	9996	0.1758703481392557	5	
L2_far	nt_v9	Slackia	10000	0.1368	6	
L2_far	nt_v9	Sneathia	5000	0.003	1	
L2_far	nt_v9	Sporolactobacillus	10000	0.0159	1	
L2_far	nt_v9	Staphylococcus	10000	0.333	5	
L2_far	nt_v9	Streptococcus	9996	0.5268107242897159	21	
L2_far	nt_v9	Streptomyces	10000	0.2153	1	
L2_far	nt_v9	Subdoligranulum	5000	0.0436	3	
L2_far	nt_v9	Succinatimonas	5000	0.0586	3	
L2_far	nt_v9	Succiniclasticum	10000	0.0481	4	
L2_far	nt_v9	Sutterella	10000	0.6829	28	
L2_far	nt_v9	Treponema	10000	0.0358	4	
L2_far	nt_v9	Veillonella	5000	0.4142	22	
L2_far	nt_v9	Weissella	9996	0.01610644257703081	1	
L2_far	nt_v9	Xylanibacter	5000	0.0	2	
L2_far	kraken2	Acinetobacter	9996	0.07863145258103241	4	
L2_far	kraken2	Actinomyces	10000	0.0904	18	
L2_far	kraken2	Akkermansia	5000	0.0188	4	
L2_far	kraken2	Anaerococcus	10000	0.0826	9	
L2_far	kraken2	Anaeromassilibacillus	5000	0.033	3	
L2_far	kraken2	Anaerostipes	5000	0.0072	1	
L2_far	kraken2	Anaerotignum	10000	0.0058	1	
L2_far	kraken2	Anaerotruncus	5000	0.0156	4	
L2_far	kraken2	Atopobium	9996	0.003601440576230492	3	
L2_far	kraken2	Azospirillum	10000	0.0008	6	
L2_far	kraken2	Bifidobacterium	9996	0.11594637855142056	14	
L2_far	kraken2	Blastococcus	10000	0.1453	1	
L2_far	kraken2	Blautia	5000	0.0214	46	
L2_far	kraken2	Brachyspira	10000	0.0155	1	
L2_far	kraken2	Brevibacterium	10000	0.0141	1	
L2_far	kraken2	Butyricicoccus	5000	0.0516	7	
L2_far	kraken2	Butyrivibrio	10000	0.0013	3	
L2_far	kraken2	Campylobacter	9996	0.04341736694677871	5	
L2_far	kraken2	Cellulomonas	10000	0.0789	1	
L2_far	kraken2	Cloacibacillus	10000	0.0322	2	
L2_far	kraken2	Clostridium	10000	0.0781	191	
L2_far	kraken2	Collinsella	5000	0.0164	349	
L2_far	kraken2	Coprobacillus	10000	0.0208	1	
L2_far	kraken2	Corynebacterium	10000	0.0451	9	
L2_far	kraken2	Cryptobacterium	5000	0.0014	2	
L2_far	kraken2	Desulfovibrio	9996	0.05062024809923969	18	
L2_far	kraken2	Dysgonomonas	10000	0.0237	4	
L2_far	kraken2	Eggerthella	5000	0.084	20	
L2_far	kraken2	Enterococcus	10000	0.066	9	
L2_far	kraken2	Eubacterium	9996	0.004001600640256103	29	
L2_far	kraken2	Exiguobacterium	10000	0.1101	2	
L2_far	kraken2	Flavobacterium	10000	0.0067	1	
L2_far	kraken2	Garciella	5000	0.0608	1	
L2_far	kraken2	Gemella	10000	0.0271	1	
L2_far	kraken2	Gemmiger	10000	0.0073	1	
L2_far	kraken2	Granulicatella	5000	0.039	3	
L2_far	kraken2	Halomonas	10000	0.0199	1	
L2_far	kraken2	Helicobacter	9996	0.03791516606642657	9	
L2_far	kraken2	Lachnobacterium	5000	0.0058	13	
L2_far	kraken2	Lachnoclostridium	10000	0.0002	1	
L2_far	kraken2	Lactobacillus	9999	0.0997099709970997	25	
L2_far	kraken2	Leuconostoc	10000	0.069	3	
L2_far	kraken2	Listeria	10000	0.018	1	
L2_far	kraken2	Megamonas	5000	0.2018	3	
L2_far	kraken2	Megasphaera	5000	0.0204	13	
L2_far	kraken2	Neisseria	9996	0.05152060824329732	1	
L2_far	kraken2	Nesterenkonia	10000	0.0217	1	
L2_far	kraken2	Olsenella	10000	0.0813	9	
L2_far	kraken2	Oribacterium	10000	0.0033	1	
L2_far	kraken2	Oscillibacter	5000	0.1096	15	
L2_far	kraken2	Oxalobacter	10000	0.0482	2	
L2_far	kraken2	Paenibacillus	10000	0.0078	2	
L2_far	kraken2	Pantoea	10000	0.0972	4	
L2_far	kraken2	Parabacteroides	10000	0.0619	16	
L2_far	kraken2	Pediococcus	9996	0.015106042416966788	1	
L2_far	kraken2	Pelosinus	10000	0.0027	2	
L2_far	kraken2	Peptoniphilus	10000	0.0502	9	
L2_far	kraken2	Peptostreptococcus	9999	0.0125012501250125	1	
L2_far	kraken2	Phascolarctobacterium	10000	0.1886	16	
L2_far	kraken2	Phyllobacterium	10000	0.0518	1	
L2_far	kraken2	Porphyromonas	9996	0.00430172068827531	12	
L2_far	kraken2	Prevotella	10000	0.0547	91	
L2_far	kraken2	Propionibacterium	10000	0.009	2	
L2_far	kraken2	Propionimicrobium	10000	0.0068	1	
L2_far	kraken2	Providencia	10000	0.167	5	
L2_far	kraken2	Pseudobutyrivibrio	10000	0.0035	2	
L2_far	kraken2	Pseudomonas	9996	0.09173669467787114	4	
L2_far	kraken2	Roseburia	9999	0.043604360436043606	15	
L2_far	kraken2	Rothia	9996	0.01610644257703081	1	
L2_far	kraken2	Ruminococcus	9996	0.037815126050420166	64	
L2_far	kraken2	Selenomonas	9996	0.026010404161664665	5	
L2_far	kraken2	Slackia	10000	0.0262	6	
L2_far	kraken2	Sneathia	5000	0.1098	1	
L2_far	kraken2	Sporolactobacillus	10000	0.0045	1	
L2_far	kraken2	Staphylococcus	10000	0.0982	5	
L2_far	kraken2	Streptococcus	9996	0.058823529411764705	21	
L2_far	kraken2	Streptomyces	10000	0.0422	1	
L2_far	kraken2	Subdoligranulum	5000	0.076	3	
L2_far	kraken2	Succinatimonas	5000	0.008	3	
L2_far	kraken2	Succiniclasticum	10000	0.0268	4	
L2_far	kraken2	Sutterella	10000	0.1091	28	
L2_far	kraken2	Treponema	10000	0.0039	4	
L2_far	kraken2	Veillonella	5000	0.164	22	
L2_far	kraken2	Weissella	9996	0.02581032412965186	1	
L2_far	kraken2	Xylanibacter	5000	0.0	2	
L2_far	nb_13mer	Acinetobacter	263	0.13688212927756654	4	
L2_far	nb_13mer	Actinomyces	292	0.2602739726027397	18	
L2_far	nb_13mer	Akkermansia	124	0.016129032258064516	4	
L2_far	nb_13mer	Anaerococcus	293	0.16382252559726962	9	
L2_far	nb_13mer	Anaeromassilibacillus	126	0.015873015873015872	3	
L2_far	nb_13mer	Anaerostipes	124	0.0	1	
L2_far	nb_13mer	Anaerotignum	268	0.0	1	
L2_far	nb_13mer	Anaerotruncus	123	0.0	4	
L2_far	nb_13mer	Atopobium	256	0.046875	3	
L2_far	nb_13mer	Azospirillum	272	0.0	6	
L2_far	nb_13mer	Bifidobacterium	255	0.3411764705882353	14	
L2_far	nb_13mer	Blastococcus	282	0.0035460992907801418	1	
L2_far	nb_13mer	Blautia	142	0.323943661971831	46	
L2_far	nb_13mer	Brachyspira	277	0.0	1	
L2_far	nb_13mer	Brevibacterium	272	0.007352941176470588	1	
L2_far	nb_13mer	Butyricicoccus	125	0.152	7	
L2_far	nb_13mer	Butyrivibrio	261	0.0038314176245210726	3	
L2_far	nb_13mer	Campylobacter	283	0.2826855123674912	5	
L2_far	nb_13mer	Cellulomonas	255	0.00784313725490196	1	
L2_far	nb_13mer	Cloacibacillus	265	0.018867924528301886	2	
L2_far	nb_13mer	Clostridium	266	0.8383458646616542	191	
L2_far	nb_13mer	Collinsella	146	0.0	349	
L2_far	nb_13mer	Coprobacillus	261	0.0	1	
L2_far	nb_13mer	Corynebacterium	266	0.17669172932330826	9	
L2_far	nb_13mer	Cryptobacterium	128	0.03125	2	
L2_far	nb_13mer	Desulfovibrio	287	0.4529616724738676	18	
L2_far	nb_13mer	Dysgonomonas	271	0.01107011070110701	4	
L2_far	nb_13mer	Eggerthella	128	0.1640625	20	
L2_far	nb_13mer	Enterococcus	273	0.13553113553113552	9	
L2_far	nb_13mer	Eubacterium	290	0.017241379310344827	29	
L2_far	nb_13mer	Exiguobacterium	288	0.1111111111111111	2	
L2_far	nb_13mer	Flavobacterium	233	0.0	1	
L2_far	nb_13mer	Garciella	130	0.007692307692307693	1	
L2_far	nb_13mer	Gemella	264	0.0	1	
L2_far	nb_13mer	Gemmiger	268	0.0	1	
L2_far	nb_13mer	Granulicatella	123	0.008130081300813009	3	
L2_far	nb_13mer	Halomonas	297	0.003367003367003367	1	
L2_far	nb_13mer	Helicobacter	263	0.623574144486692	9	
L2_far	nb_13mer	Lachnobacterium	131	0.0	13	
L2_far	nb_13mer	Lachnoclostridium	289	0.0	1	
L2_far	nb_13mer	Lactobacillus	260	0.35384615384615387	25	
L2_far	nb_13mer	Leuconostoc	270	0.07777777777777778	3	
L2_far	nb_13mer	Listeria	231	0.004329004329004329	1	
L2_far	nb_13mer	Megamonas	141	0.06382978723404255	3	
L2_far	nb_13mer	Megasphaera	139	0.050359712230215826	13	
L2_far	nb_13mer	Neisseria	281	0.03914590747330961	1	
L2_far	nb_13mer	Nesterenkonia	281	0.0071174377224199285	1	
L2_far	nb_13mer	Olsenella	271	0.5535055350553506	9	
L2_far	nb_13mer	Oribacterium	268	0.007462686567164179	1	
L2_far	nb_13mer	Oscillibacter	150	0.6333333333333333	15	
L2_far	nb_13mer	Oxalobacter	240	0.03333333333333333	2	
L2_far	nb_13mer	Paenibacillus	281	0.017793594306049824	2	
L2_far	nb_13mer	Pantoea	256	0.171875	4	
L2_far	nb_13mer	Parabacteroides	265	0.12452830188679245	16	
L2_far	nb_13mer	Pediococcus	247	0.016194331983805668	1	
L2_far	nb_13mer	Pelosinus	277	0.0	2	
L2_far	nb_13mer	Peptoniphilus	276	0.03985507246376811	9	
L2_far	nb_13mer	Peptostreptococcus	259	0.015444015444015444	1	
L2_far	nb_13mer	Phascolarctobacterium	255	0.403921568627451	16	
L2_far	nb_13mer	Phyllobacterium	247	0.016194331983805668	1	
L2_far	nb_13mer	Porphyromonas	285	0.03508771929824561	12	
L2_far	nb_13mer	Prevotella	267	0.31086142322097376	91	
L2_far	nb_13mer	Propionibacterium	276	0.0	2	
L2_far	nb_13mer	Propionimicrobium	274	0.0	1	
L2_far	nb_13mer	Providencia	272	0.22426470588235295	5	
L2_far	nb_13mer	Pseudobutyrivibrio	267	0.003745318352059925	2	
L2_far	nb_13mer	Pseudomonas	260	0.16153846153846155	4	
L2_far	nb_13mer	Roseburia	264	0.10227272727272728	15	
L2_far	nb_13mer	Rothia	232	0.004310344827586207	1	
L2_far	nb_13mer	Ruminococcus	267	0.250936329588015	64	
L2_far	nb_13mer	Selenomonas	261	0.07662835249042145	5	
L2_far	nb_13mer	Slackia	252	0.08333333333333333	6	
L2_far	nb_13mer	Sneathia	132	0.0	1	
L2_far	nb_13mer	Sporolactobacillus	264	0.0	1	
L2_far	nb_13mer	Staphylococcus	225	0.13333333333333333	5	
L2_far	nb_13mer	Streptococcus	246	0.23577235772357724	21	
L2_far	nb_13mer	Streptomyces	267	0.00749063670411985	1	
L2_far	nb_13mer	Subdoligranulum	146	0.02054794520547945	3	
L2_far	nb_13mer	Succinatimonas	139	0.014388489208633094	3	
L2_far	nb_13mer	Succiniclasticum	249	0.020080321285140562	4	
L2_far	nb_13mer	Sutterella	277	0.4007220216606498	28	
L2_far	nb_13mer	Treponema	251	0.0199203187250996	4	
L2_far	nb_13mer	Veillonella	126	0.31746031746031744	22	
L2_far	nb_13mer	Weissella	316	0.0031645569620253164	1	
L2_far	nb_13mer	Xylanibacter	130	0.007692307692307693	2	
L2_far	nb_6mer	Acinetobacter	263	0.13688212927756654	4	
L2_far	nb_6mer	Actinomyces	292	0.00684931506849315	18	
L2_far	nb_6mer	Akkermansia	124	0.04838709677419355	4	
L2_far	nb_6mer	Anaerococcus	293	0.17064846416382254	9	
L2_far	nb_6mer	Anaeromassilibacillus	126	0.023809523809523808	3	
L2_far	nb_6mer	Anaerostipes	124	0.008064516129032258	1	
L2_far	nb_6mer	Anaerotignum	268	0.033582089552238806	1	
L2_far	nb_6mer	Anaerotruncus	123	0.024390243902439025	4	
L2_far	nb_6mer	Atopobium	256	0.125	3	
L2_far	nb_6mer	Azospirillum	272	0.0	6	
L2_far	nb_6mer	Bifidobacterium	255	0.12156862745098039	14	
L2_far	nb_6mer	Blastococcus	282	0.46808510638297873	1	
L2_far	nb_6mer	Blautia	142	0.19014084507042253	46	
L2_far	nb_6mer	Brachyspira	277	0.07220216606498195	1	
L2_far	nb_6mer	Brevibacterium	272	0.17279411764705882	1	
L2_far	nb_6mer	Butyricicoccus	125	0.2	7	
L2_far	nb_6mer	Butyrivibrio	261	0.01532567049808429	3	
L2_far	nb_6mer	Campylobacter	283	0.3321554770318021	5	
L2_far	nb_6mer	Cellulomonas	255	0.6235294117647059	1	
L2_far	nb_6mer	Cloacibacillus	265	0.1509433962264151	2	
L2_far	nb_6mer	Clostridium	266	0.06015037593984962	191	
L2_far	nb_6mer	Collinsella	146	0.0136986301369863	349	
L2_far	nb_6mer	Coprobacillus	261	0.08812260536398467	1	
L2_far	nb_6mer	Corynebacterium	266	0.03759398496240601	9	
L2_far	nb_6mer	Cryptobacterium	128	0.0625	2	
L2_far	nb_6mer	Desulfovibrio	287	0.22996515679442509	18	
L2_far	nb_6mer	Dysgonomonas	271	0.17343173431734318	4	
L2_far	nb_6mer	Eggerthella	128	0.109375	20	
L2_far	nb_6mer	Enterococcus	273	0.17582417582417584	9	
L2_far	nb_6mer	Eubacterium	290	0.010344827586206896	29	
L2_far	nb_6mer	Exiguobacterium	288	0.3402777777777778	2	
L2_far	nb_6mer	Flavobacterium	233	0.0944206008583691	1	
L2_far	nb_6mer	Garciella	130	0.18461538461538463	1	
L2_far	nb_6mer	Gemella	264	0.125	1	
L2_far	nb_6mer	Gemmiger	268	0.04477611940298507	1	
L2_far	nb_6mer	Granulicatella	123	0.08130081300813008	3	
L2_far	nb_6mer	Halomonas	297	0.09764309764309764	1	
L2_far	nb_6mer	Helicobacter	263	0.6045627376425855	9	
L2_far	nb_6mer	Lachnobacterium	131	0.0	13	
L2_far	nb_6mer	Lachnoclostridium	289	0.0	1	
L2_far	nb_6mer	Lactobacillus	260	0.13076923076923078	25	
L2_far	nb_6mer	Leuconostoc	270	0.2111111111111111	3	
L2_far	nb_6mer	Listeria	231	0.04329004329004329	1	
L2_far	nb_6mer	Megamonas	141	0.2624113475177305	3	
L2_far	nb_6mer	Megasphaera	139	0.014388489208633094	13	
L2_far	nb_6mer	Neisseria	281	0.19572953736654805	1	
L2_far	nb_6mer	Nesterenkonia	281	0.18505338078291814	1	
L2_far	nb_6mer	Olsenella	271	0.3800738007380074	9	
L2_far	nb_6mer	Oribacterium	268	0.029850746268656716	1	
L2_far	nb_6mer	Oscillibacter	150	0.35333333333333333	15	
L2_far	nb_6mer	Oxalobacter	240	0.2916666666666667	2	
L2_far	nb_6mer	Paenibacillus	281	0.06761565836298933	2	
L2_far	nb_6mer	Pantoea	256	0.1953125	4	
L2_far	nb_6mer	Parabacteroides	265	0.07547169811320754	16	
L2_far	nb_6mer	Pediococcus	247	0.08502024291497975	1	
L2_far	nb_6mer	Pelosinus	277	0.010830324909747292	2	
L2_far	nb_6mer	Peptoniphilus	276	0.05434782608695652	9	
L2_far	nb_6mer	Peptostreptococcus	259	0.08108108108108109	1	
L2_far	nb_6mer	Phascolarctobacterium	255	0.21568627450980393	16	
L2_far	nb_6mer	Phyllobacterium	247	0.12955465587044535	1	
L2_far	nb_6mer	Porphyromonas	285	0.14385964912280702	12	
L2_far	nb_6mer	Prevotella	267	0.1947565543071161	91	
L2_far	nb_6mer	Propionibacterium	276	0.050724637681159424	2	
L2_far	nb_6mer	Propionimicrobium	274	0.08759124087591241	1	
L2_far	nb_6mer	Providencia	272	0.19117647058823528	5	
L2_far	nb_6mer	Pseudobutyrivibrio	267	0.003745318352059925	2	
L2_far	nb_6mer	Pseudomonas	260	0.26153846153846155	4	
L2_far	nb_6mer	Roseburia	264	0.041666666666666664	15	
L2_far	nb_6mer	Rothia	232	0.07327586206896551	1	
L2_far	nb_6mer	Ruminococcus	267	0.07116104868913857	64	
L2_far	nb_6mer	Selenomonas	261	0.1839080459770115	5	
L2_far	nb_6mer	Slackia	252	0.21428571428571427	6	
L2_far	nb_6mer	Sneathia	132	0.3560606060606061	1	
L2_far	nb_6mer	Sporolactobacillus	264	0.041666666666666664	1	
L2_far	nb_6mer	Staphylococcus	225	0.22666666666666666	5	
L2_far	nb_6mer	Streptococcus	246	0.23577235772357724	21	
L2_far	nb_6mer	Streptomyces	267	0.3782771535580524	1	
L2_far	nb_6mer	Subdoligranulum	146	0.00684931506849315	3	
L2_far	nb_6mer	Succinatimonas	139	0.05755395683453238	3	
L2_far	nb_6mer	Succiniclasticum	249	0.0642570281124498	4	
L2_far	nb_6mer	Sutterella	277	0.09025270758122744	28	
L2_far	nb_6mer	Treponema	251	0.05179282868525897	4	
L2_far	nb_6mer	Veillonella	126	0.12698412698412698	22	
L2_far	nb_6mer	Weissella	316	0.04113924050632911	1	
L2_far	nb_6mer	Xylanibacter	130	0.0	2	
L2_far	L29	Acinetobacter	9996	0.3115246098439376	4	
L2_far	L29	Actinomyces	10000	0.4283	18	
L2_far	L29	Akkermansia	5000	0.2314	4	
L2_far	L29	Anaerococcus	10000	0.4322	9	
L2_far	L29	Anaeromassilibacillus	5000	0.0858	3	
L2_far	L29	Anaerostipes	5000	0.0008	1	
L2_far	L29	Anaerotignum	10000	0.0094	1	
L2_far	L29	Anaerotruncus	5000	0.0084	4	
L2_far	L29	Atopobium	9996	0.09013605442176871	3	
L2_far	L29	Azospirillum	10000	0.0003	6	
L2_far	L29	Bifidobacterium	9996	0.421968787515006	14	
L2_far	L29	Blastococcus	10000	0.5095	1	
L2_far	L29	Blautia	5000	0.2176	46	
L2_far	L29	Brachyspira	10000	0.0167	1	
L2_far	L29	Brevibacterium	10000	0.0479	1	
L2_far	L29	Butyricicoccus	5000	0.3424	7	
L2_far	L29	Butyrivibrio	10000	0.0187	3	
L2_far	L29	Campylobacter	9996	0.5295118047218887	5	
L2_far	L29	Cellulomonas	10000	0.5833	1	
L2_far	L29	Cloacibacillus	10000	0.1635	2	
L2_far	L29	Clostridium	10000	0.8177	191	
L2_far	L29	Collinsella	5000	0.169	349	
L2_far	L29	Coprobacillus	10000	0.0264	1	
L2_far	L29	Corynebacterium	10000	0.2951	9	
L2_far	L29	Cryptobacterium	5000	0.0012	2	
L2_far	L29	Desulfovibrio	9996	0.38865546218487396	18	
L2_far	L29	Dysgonomonas	10000	0.1974	4	
L2_far	L29	Eggerthella	5000	0.2134	20	
L2_far	L29	Enterococcus	10000	0.3936	9	
L2_far	L29	Eubacterium	9996	0.01210484193677471	29	
L2_far	L29	Exiguobacterium	10000	0.615	2	
L2_far	L29	Flavobacterium	10000	0.0607	1	
L2_far	L29	Garciella	5000	0.0948	1	
L2_far	L29	Gemella	10000	0.0192	1	
L2_far	L29	Gemmiger	10000	0.0063	1	
L2_far	L29	Granulicatella	5000	0.1162	3	
L2_far	L29	Halomonas	10000	0.0737	1	
L2_far	L29	Helicobacter	9996	0.7001800720288115	9	
L2_far	L29	Lachnobacterium	5000	0.0036	13	
L2_far	L29	Lachnoclostridium	10000	0.0	1	
L2_far	L29	Lactobacillus	9999	0.55995599559956	25	
L2_far	L29	Leuconostoc	10000	0.2819	3	
L2_far	L29	Listeria	10000	0.0347	1	
L2_far	L29	Megamonas	5000	0.3952	3	
L2_far	L29	Megasphaera	5000	0.0662	13	
L2_far	L29	Neisseria	9996	0.3326330532212885	1	
L2_far	L29	Nesterenkonia	10000	0.1119	1	
L2_far	L29	Olsenella	10000	0.302	9	
L2_far	L29	Oribacterium	10000	0.0045	1	
L2_far	L29	Oscillibacter	5000	0.4962	15	
L2_far	L29	Oxalobacter	10000	0.2699	2	
L2_far	L29	Paenibacillus	10000	0.0988	2	
L2_far	L29	Pantoea	10000	0.2046	4	
L2_far	L29	Parabacteroides	10000	0.2281	16	
L2_far	L29	Pediococcus	9996	0.011004401760704281	1	
L2_far	L29	Pelosinus	10000	0.0116	2	
L2_far	L29	Peptoniphilus	10000	0.0884	9	
L2_far	L29	Peptostreptococcus	9999	0.045304530453045305	1	
L2_far	L29	Phascolarctobacterium	10000	0.624	16	
L2_far	L29	Phyllobacterium	10000	0.1153	1	
L2_far	L29	Porphyromonas	9996	0.13165266106442577	12	
L2_far	L29	Prevotella	10000	0.5011	91	
L2_far	L29	Propionibacterium	10000	0.0338	2	
L2_far	L29	Propionimicrobium	10000	0.031	1	
L2_far	L29	Providencia	10000	0.4373	5	
L2_far	L29	Pseudobutyrivibrio	10000	0.0021	2	
L2_far	L29	Pseudomonas	9996	0.4447779111644658	4	
L2_far	L29	Roseburia	9999	0.0928092809280928	15	
L2_far	L29	Rothia	9996	0.04141656662665066	1	
L2_far	L29	Ruminococcus	9996	0.3241296518607443	64	
L2_far	L29	Selenomonas	9996	0.18157262905162064	5	
L2_far	L29	Slackia	10000	0.1703	6	
L2_far	L29	Sneathia	5000	0.0164	1	
L2_far	L29	Sporolactobacillus	10000	0.0204	1	
L2_far	L29	Staphylococcus	10000	0.3681	5	
L2_far	L29	Streptococcus	9996	0.5347138855542217	21	
L2_far	L29	Streptomyces	10000	0.2654	1	
L2_far	L29	Subdoligranulum	5000	0.0902	3	
L2_far	L29	Succinatimonas	5000	0.0596	3	
L2_far	L29	Succiniclasticum	10000	0.0697	4	
L2_far	L29	Sutterella	10000	0.7023	28	
L2_far	L29	Treponema	10000	0.0424	4	
L2_far	L29	Veillonella	5000	0.4336	22	
L2_far	L29	Weissella	9996	0.02891156462585034	1	
L2_far	L29	Xylanibacter	5000	0.0002	2	
