genus_name,expected_dna_fraction,"KmerFormer 6-mer, 8 layers","KmerFormer 6-mer, 16 layers","KmerFormer 6-mer, 29 layers","KmerFormer 13-mer exact, 16 l.","KmerFormer 13-mer hashed d128, 1 l.","KmerFormer 13-mer hashed d128, 16 l.","KmerFormer 13-mer hashed d64, 16 l.",MetaTransformer 13-mer,MetaTransformer 6-mer,NT-v2 500M + LoRA,Kraken 2 + Bracken
Achromobacter,0.0,8.4e-05,8.166666666666667e-05,6.4e-05,0.0004333333333333333,0.000132,0.00022833333333333334,0.000302,0.000352,2.7666666666666667e-05,6.3e-05,3e-05
Acidaminococcus,0.0,0.0031023333333333332,0.0030366666666666667,0.002990333333333333,0.003504,0.000822,0.0016076666666666667,0.001624,0.001682,0.004394333333333333,0.0028683333333333334,0.00062
Acinetobacter,0.0,0.0009233333333333333,0.0009743333333333333,0.001035,0.0023653333333333334,0.0003626666666666667,0.000716,0.001194,0.0005266666666666667,0.0012753333333333334,0.000968,1e-05
Actinomyces,0.0,0.002549,0.002435,0.002409333333333333,0.0017346666666666667,0.001995666666666667,0.002222,0.0024716666666666667,0.0013253333333333333,0.003781,0.0025583333333333335,0.00030000000000000003
Adlercreutzia,0.0,3.233333333333333e-05,5.7333333333333336e-05,6.866666666666666e-05,0.0005126666666666667,5.5e-05,0.000221,8.5e-05,4.6e-05,0.0,4.4666666666666664e-05,1e-05
Aeromonas,0.0,0.0002866666666666667,0.00031466666666666665,0.0003206666666666667,0.0009643333333333333,0.00025133333333333333,0.000449,0.00020466666666666666,0.0006613333333333333,0.00037233333333333335,0.00027,2e-05
Akkermansia,0.0,0.0006603333333333333,0.00073,0.000782,0.001337,0.00032933333333333333,0.0005483333333333333,0.0010413333333333333,0.000214,0.0007633333333333333,0.0006243333333333333,3.0000000000000004e-05
Alistipes,0.0,0.005243333333333333,0.005238666666666667,0.004906,0.008757666666666667,0.008875666666666667,0.009274666666666667,0.008388,0.005814666666666667,0.005796,0.005495,0.00055
Anaerococcus,0.0,0.0011463333333333334,0.001242,0.00116,0.0015613333333333334,0.0002933333333333333,0.000723,0.000545,6.8e-05,0.0012186666666666667,0.000897,5e-05
Anaerofustis,0.0,0.00013933333333333332,0.00019666666666666666,0.00020666666666666666,0.00013066666666666665,1.8333333333333333e-05,4.566666666666667e-05,4.933333333333333e-05,7.333333333333333e-06,3.933333333333333e-05,0.000121,1e-05
Anaeromassilibacillus,0.0,0.0005313333333333333,0.000661,0.000806,0.001931,0.00014233333333333334,0.000319,0.00027233333333333336,0.00019266666666666667,4.433333333333333e-05,0.0004973333333333334,0.00059
Anaerosporobacter,0.0,8.9e-05,0.00016333333333333334,0.00022633333333333332,0.0017773333333333332,0.000158,0.00045733333333333335,0.00017733333333333333,0.00029133333333333333,3.3333333333333335e-07,0.00013066666666666665,8e-05
Anaerostipes,0.055119150424019,0.000196,0.000478,0.0007903333333333333,0.0017323333333333333,0.0010516666666666667,0.000612,0.00021733333333333332,0.002837333333333333,6.666666666666667e-07,0.00025666666666666665,0.01255
Anaerotignum,0.0,0.00031133333333333333,0.0003936666666666667,0.00041966666666666666,0.0003316666666666667,2e-05,5.566666666666667e-05,5e-05,2.6666666666666667e-05,0.00013333333333333334,0.00029266666666666666,3e-05
Anaerotruncus,0.0,0.00024366666666666666,0.0002953333333333333,0.000269,0.00036566666666666665,0.00013266666666666667,0.000213,0.00016133333333333334,0.000162,0.00048166666666666665,0.000203,0.00037
Atopobium,0.0,0.00033133333333333333,0.0003243333333333333,0.00032733333333333334,9.933333333333334e-05,5e-06,7e-06,2.8e-05,2e-06,0.0006886666666666666,0.00033266666666666666,2e-05
Azospirillum,0.0,0.0008856666666666667,0.0009436666666666667,0.000952,0.0010913333333333333,0.000181,0.000153,0.000588,0.000126,0.0027053333333333335,0.000766,3.0000000000000004e-05
Bacillus,0.0,0.0048723333333333336,0.005383,0.005341,0.011274,0.006164,0.006406,0.0021866666666666666,0.009315333333333333,0.000992,0.0047866666666666665,2e-05
Bacteroides,0.0956176243267697,0.09410733333333333,0.09349766666666667,0.091087,0.08266466666666666,0.11610766666666666,0.0981,0.09584233333333333,0.10357,0.09781866666666666,0.098055,0.10923
Barnesiella,0.0,0.000304,0.000388,0.000438,0.0003863333333333333,5.3666666666666666e-05,0.000311,7.6e-05,0.00019733333333333332,0.00020033333333333334,0.000268,0.0001
Bifidobacterium,0.0386624483583943,0.018788,0.021107,0.022568666666666667,0.019609666666666668,0.021605,0.019113666666666668,0.020359,0.025156666666666667,0.015627333333333333,0.021337333333333333,0.00835
Blastococcus,0.0,2.3e-05,1.6666666666666667e-05,1.9666666666666666e-05,7.266666666666667e-05,6.733333333333333e-05,7.866666666666666e-05,5.333333333333333e-05,9.4e-05,4.7e-05,1.3333333333333333e-05,0.0
Blautia,0.093498496064484,0.07560133333333334,0.07652033333333333,0.07732566666666667,0.06666833333333333,0.06789033333333333,0.068093,0.06509666666666666,0.08363533333333334,0.08116266666666666,0.07624033333333333,0.12131
Brachyspira,0.0,0.00015466666666666667,0.00017166666666666667,0.00017066666666666668,0.000167,1.8e-05,2.8666666666666668e-05,4.8e-05,8e-06,0.0007413333333333333,0.00013133333333333335,0.0
Brevibacterium,0.0,6.3e-05,4.5333333333333335e-05,4.1e-05,0.00010333333333333333,4.1666666666666665e-05,7.633333333333334e-05,9.333333333333333e-05,6.2e-05,3.8e-05,4.5333333333333335e-05,0.0
Butyricicoccus,0.0,0.0007833333333333334,0.0008493333333333333,0.0009323333333333333,0.0013446666666666668,0.0004516666666666667,0.00049,0.0010923333333333334,0.000302,0.0012603333333333334,0.000779,0.00074
Butyricimonas,0.0,0.006625666666666667,0.006370333333333334,0.006210666666666666,0.002496,0.000862,0.002583666666666667,0.001139,0.002746,0.005062333333333334,0.006149333333333333,0.00049
Butyrivibrio,0.0,0.0005446666666666667,0.000666,0.0007333333333333333,0.0020643333333333334,0.0012576666666666667,0.0008473333333333333,0.0007233333333333333,0.0025633333333333333,6.2e-05,0.00047033333333333335,0.00368
Campylobacter,0.0,0.001039,0.0009456666666666667,0.0007836666666666667,0.0005036666666666667,0.00014933333333333332,0.0004643333333333333,0.00038533333333333334,4.266666666666667e-05,0.001657,0.0007856666666666667,0.0
Catenibacterium,0.0396446048093314,0.040143333333333336,0.043382333333333335,0.044804666666666666,0.044021,0.04810933333333333,0.043083666666666666,0.039608,0.060222,0.006962,0.038873,0.10525
Cellulomonas,0.0,4.133333333333333e-05,3.8e-05,2.8666666666666668e-05,3.6e-05,2.7333333333333335e-05,6.166666666666667e-05,5.5333333333333334e-05,1.5333333333333334e-05,0.00023966666666666667,1.9666666666666666e-05,0.0
Citrobacter,0.0,0.00016966666666666668,0.00016333333333333334,0.00017666666666666666,0.0008243333333333334,0.000156,0.00047433333333333333,0.0005336666666666667,0.0007006666666666667,9.366666666666666e-05,0.00019933333333333334,0.0
Cloacibacillus,0.0,3.9e-05,5.1666666666666664e-05,5.3e-05,0.000219,8.233333333333333e-05,0.00013033333333333332,8.633333333333334e-05,0.00010733333333333333,1.8e-05,3.433333333333333e-05,0.00028000000000000003
Clostridium,0.1031311094468104,0.22464733333333334,0.21235466666666666,0.206593,0.16732266666666668,0.21638733333333332,0.207878,0.25297833333333336,0.17482,0.29064833333333334,0.22609866666666667,0.07651
Collinsella,0.0396065211297183,0.030696,0.023909333333333335,0.019893666666666667,0.014387,0.015257,0.016401333333333334,0.016946666666666665,0.012942666666666667,0.047419,0.023850666666666666,0.04636
Coprobacillus,0.0,0.00012833333333333333,0.000184,0.00024133333333333334,0.0009033333333333334,0.00015966666666666665,0.0002553333333333333,0.00044333333333333334,0.00011666666666666667,0.0003246666666666667,0.00014566666666666667,0.0
Coprococcus,0.0,0.004376333333333334,0.004323666666666667,0.004236666666666666,0.0023253333333333333,0.000686,0.0008596666666666667,0.0006056666666666667,0.0006706666666666666,0.005177666666666666,0.004412666666666666,0.00036
Corynebacterium,0.0,0.0015133333333333333,0.0016983333333333334,0.0016343333333333333,0.003157333333333333,0.0016453333333333333,0.0017513333333333333,0.001786,0.000658,0.00040866666666666666,0.001574,2e-05
Cryptobacterium,0.0,1.6666666666666667e-06,3.3333333333333333e-06,3.3333333333333333e-06,0.00029966666666666667,1.633333333333333e-05,0.00013766666666666666,7.866666666666666e-05,1.7333333333333332e-05,9.333333333333333e-06,1.3333333333333334e-06,2e-05
Desulfovibrio,0.0,0.005276,0.004961,0.004656666666666667,0.008793333333333334,0.007211666666666667,0.006940666666666667,0.009139333333333333,0.005302,0.007117,0.005101,0.0006500000000000001
Dialister,0.0,0.007229666666666666,0.007281333333333333,0.0073876666666666665,0.006043333333333334,0.0032236666666666668,0.004474,0.002644333333333333,0.0027946666666666667,0.004416,0.006115666666666667,0.00234
Dorea,0.0,0.001964333333333333,0.0023436666666666666,0.002619666666666667,0.0025583333333333335,0.001157,0.0018223333333333334,0.0017873333333333333,0.0010893333333333334,0.0007063333333333333,0.0017803333333333334,0.00263
Dysgonomonas,0.0,0.0006453333333333334,0.000892,0.0010566666666666667,0.0020726666666666667,0.00046166666666666665,0.0005463333333333333,0.00032733333333333334,0.00173,3.266666666666666e-05,0.0006113333333333333,6.000000000000001e-05
Edwardsiella,0.0,0.00019133333333333334,0.00020033333333333334,0.000223,0.0008343333333333333,0.000159,0.0004823333333333333,0.00016166666666666668,0.0006,0.00014833333333333332,0.000192,0.0
Eggerthella,0.0,0.0028046666666666667,0.002657333333333333,0.0028606666666666667,0.001995666666666667,0.00128,0.0021746666666666668,0.0025813333333333335,0.0004606666666666667,0.003494,0.002794333333333333,0.00021
Enterobacter,0.0,0.000436,0.00040333333333333334,0.000404,0.001153,0.0006203333333333333,0.0014206666666666666,0.0012913333333333334,0.0013906666666666666,0.000975,0.000403,2e-05
Enterococcus,0.0,0.002674,0.0027513333333333335,0.002801333333333333,0.003317,0.0014983333333333333,0.003351,0.001745,0.001226,0.0019156666666666666,0.002445333333333333,0.00013000000000000002
Eubacterium,0.0521487345715083,0.011878,0.011539333333333334,0.011434333333333333,0.010935666666666666,0.007743333333333333,0.009971666666666667,0.0066226666666666665,0.002786,0.014257,0.010974333333333332,0.00264
Exiguobacterium,0.0,0.0004806666666666667,0.00037933333333333336,0.000346,0.0007263333333333333,6.9e-05,0.00028866666666666667,0.000142,0.00019933333333333334,0.00022533333333333333,0.0003046666666666667,3.0000000000000004e-05
Faecalibacterium,0.0497182087796923,0.015302,0.015968,0.016357,0.014993,0.014468333333333333,0.015147333333333334,0.012657333333333333,0.015058,0.013876666666666667,0.015631,0.01891
Finegoldia,0.0,0.000118,0.00018833333333333332,0.00022666666666666666,0.0005473333333333334,6.633333333333334e-05,0.00019166666666666667,0.00010733333333333333,1.6e-05,1e-06,9.633333333333333e-05,0.0
Flavobacterium,0.0,0.00012433333333333334,0.000202,0.00023866666666666668,0.0009826666666666666,3.0333333333333333e-05,7.366666666666666e-05,8.133333333333334e-05,3.066666666666667e-05,8.933333333333333e-05,0.00012833333333333333,4e-05
Franconibacter,0.0,1.2e-05,1.3e-05,1.2666666666666667e-05,9.466666666666667e-05,7.666666666666667e-06,4.233333333333333e-05,2.3666666666666668e-05,1.9333333333333333e-05,2.8666666666666668e-05,9.666666666666667e-06,1e-05
Fusobacterium,0.0,0.004885,0.00456,0.004521,0.003187,0.0028823333333333335,0.004278333333333334,0.0031063333333333333,0.0009653333333333333,0.005017333333333334,0.0034533333333333334,0.0007700000000000001
Garciella,0.0,0.00019833333333333332,0.00021066666666666667,0.00021033333333333334,0.0005263333333333333,2.5666666666666666e-05,7.133333333333334e-05,3.266666666666666e-05,1.2666666666666667e-05,3.733333333333333e-05,0.000169,4e-05
Gemella,0.0,7.833333333333333e-05,0.00015233333333333334,0.0002573333333333333,0.00027233333333333336,1.4e-05,5.333333333333333e-05,5.266666666666667e-05,8.666666666666666e-06,1.3e-05,8.666666666666667e-05,1e-05
Gemmiger,0.0,0.0008216666666666666,0.00093,0.0008986666666666666,0.00116,0.000552,0.0011026666666666667,0.0005946666666666666,0.0009426666666666666,0.0005216666666666667,0.0007396666666666667,0.00091
Granulicatella,0.0,0.000448,0.000484,0.000468,0.00034933333333333333,5.0333333333333335e-05,0.000263,9.233333333333333e-05,0.00010266666666666666,0.0005196666666666666,0.000353,0.0005300000000000001
Halomonas,0.0,4.7333333333333336e-05,5.6e-05,6.433333333333333e-05,0.000123,0.000311,0.000181,8.333333333333333e-05,0.00010866666666666666,3.5e-05,4.8666666666666666e-05,6e-05
Helicobacter,0.0,0.002175,0.001842,0.0017096666666666666,0.001146,0.000364,0.001344,0.0007603333333333333,0.0002753333333333333,0.005366,0.00193,0.0
Klebsiella,0.0,0.0003606666666666667,0.000345,0.00034866666666666667,0.0019393333333333333,0.000699,0.0012903333333333334,0.0012686666666666666,0.0011413333333333334,0.00045033333333333335,0.00031433333333333335,1e-05
Lachnobacterium,0.0,0.027071666666666667,0.030794333333333333,0.03206933333333333,0.05552733333333333,0.05314066666666667,0.051213666666666664,0.04171,0.06401,0.007383666666666667,0.026292,0.10885
Lachnoclostridium,0.0,3.3333333333333335e-07,3e-06,1.3e-05,0.0004226666666666667,7.633333333333334e-05,0.00011333333333333333,6.8e-05,0.00010266666666666666,0.0,6.666666666666667e-07,0.00025
Lachnospira,0.0,0.003178666666666667,0.0030186666666666665,0.002926,0.003269666666666667,0.000806,0.001233,0.0013946666666666667,0.0009653333333333333,0.004135333333333334,0.002741,0.00065
Lactobacillus,0.0,0.012249,0.011548666666666667,0.011383666666666667,0.006233333333333333,0.005971333333333334,0.009120333333333333,0.011094333333333333,0.002636,0.030422666666666667,0.012550333333333333,0.00019
Leuconostoc,0.0,0.00046633333333333336,0.0004673333333333333,0.000503,0.0008943333333333334,5.1e-05,0.00043033333333333335,0.0005306666666666667,0.00018533333333333333,0.000668,0.00039666666666666664,0.0
Listeria,0.0,0.00010433333333333334,0.00014033333333333332,0.00016033333333333335,0.00026966666666666664,4.966666666666667e-05,0.00021533333333333333,8.366666666666666e-05,4.266666666666667e-05,2.4e-05,0.00010366666666666666,0.0
Marvinbryantia,0.0,1.2666666666666667e-05,1.3333333333333333e-05,3.1e-05,0.000654,4.8333333333333334e-05,7.966666666666666e-05,7.6e-05,0.00010533333333333334,0.0,1.4666666666666666e-05,0.00022
Massiliomicrobiota,0.0,0.0006416666666666667,0.0007256666666666667,0.0008053333333333334,0.0008286666666666667,0.00010366666666666666,0.00040366666666666665,0.0005873333333333334,0.00015733333333333333,0.000105,0.000498,9e-05
Megamonas,0.0372321108731334,0.036295666666666664,0.04084533333333333,0.042976,0.06977666666666667,0.06961066666666667,0.06124433333333333,0.05338233333333333,0.090352,0.010278666666666667,0.034675333333333336,0.03787
Megasphaera,0.039119537735854,0.05367,0.055474,0.05704533333333334,0.04372466666666667,0.04532833333333333,0.04289433333333333,0.036930333333333336,0.051748666666666665,0.034215,0.05528266666666667,0.07916000000000001
Morganella,0.0,0.00019266666666666667,0.00017933333333333335,0.00016166666666666668,0.0002593333333333333,3.066666666666667e-05,6.166666666666667e-05,0.00014866666666666666,0.000244,0.00024533333333333335,0.00016166666666666668,1e-05
Negativicoccus,0.0,7.333333333333333e-05,9.2e-05,8.933333333333333e-05,0.000124,2.333333333333333e-06,9e-06,2.6666666666666667e-05,5.333333333333334e-06,7.933333333333333e-05,6.266666666666667e-05,4e-05
Neisseria,0.0,4.6e-05,5.5333333333333334e-05,6e-05,0.0003296666666666667,1.2e-05,4.266666666666667e-05,3.866666666666667e-05,3.6666666666666666e-05,0.000106,4.1666666666666665e-05,0.0
Nesterenkonia,0.0,0.00019533333333333333,0.000219,0.000234,0.00019266666666666667,9.233333333333333e-05,0.00012666666666666666,0.000117,0.00018733333333333332,0.00014466666666666667,0.00018266666666666667,0.0
Odoribacter,0.0,0.0024013333333333334,0.0025933333333333333,0.0024666666666666665,0.0027283333333333335,0.0012606666666666667,0.0017196666666666667,0.0018386666666666666,0.002002,0.002459,0.0020566666666666667,0.00015999999999999999
Olsenella,0.0,0.0002933333333333333,0.00032033333333333333,0.00041,0.0011253333333333334,0.0005793333333333333,0.000629,0.000559,0.0009126666666666667,0.000353,0.000336,0.00018
Oribacterium,0.0,6.333333333333333e-05,7.366666666666666e-05,7.6e-05,0.000418,3.6e-05,6.1e-05,3.5333333333333336e-05,2.9333333333333333e-05,9.333333333333333e-05,5.1e-05,7e-05
Oscillibacter,0.0,0.026869333333333332,0.026471333333333333,0.026498,0.014118,0.013015333333333334,0.016869,0.013395,0.013408666666666666,0.01725,0.027091333333333332,0.00355
Oxalobacter,0.0,0.000311,0.000334,0.0003336666666666667,0.000777,6.8e-05,0.000174,0.00043233333333333334,0.000164,0.000539,0.00030966666666666664,0.0
Paenibacillus,0.0,0.00021933333333333334,0.000278,0.00036133333333333335,0.002802666666666667,0.00025133333333333333,0.0003586666666666667,0.000173,0.0016366666666666667,0.00012566666666666667,0.000277,3e-05
Pantoea,0.0,0.000167,0.00017466666666666667,0.000173,0.000432,0.00016666666666666666,0.00048,0.0004493333333333333,0.00015333333333333334,0.00028933333333333334,0.00013333333333333334,3.0000000000000004e-05
Parabacteroides,0.0737508688452587,0.013765,0.015428,0.01581166666666667,0.013029,0.011645666666666667,0.009547,0.010907,0.013054,0.008198,0.01393,0.00613
Paraprevotella,0.0,0.00017633333333333333,0.000296,0.000353,0.0012236666666666667,0.000221,0.000338,0.0005753333333333333,0.0013093333333333334,8.033333333333334e-05,0.00016033333333333335,4e-05
Pediococcus,0.0,4.233333333333333e-05,4.8e-05,5.9e-05,7.866666666666666e-05,7.333333333333333e-06,3.6e-05,3.8e-05,4.4e-05,6.4e-05,3.3333333333333335e-05,0.0
Pelosinus,0.0,0.00023033333333333334,0.000309,0.00035066666666666666,0.002313,0.000157,0.00016266666666666667,0.000286,0.00015266666666666667,2.4e-05,0.000238,0.00011
Peptoniphilus,0.0,0.0012106666666666667,0.0011156666666666667,0.001038,0.0009446666666666667,0.00029866666666666664,0.0008996666666666667,0.00042866666666666666,0.00010333333333333333,0.0008293333333333333,0.000767,0.00018
Peptostreptococcus,0.0,4.566666666666667e-05,5.8666666666666665e-05,6.6e-05,0.000228,1.6666666666666667e-05,4.7333333333333336e-05,2.1e-05,1.0666666666666667e-05,0.0,3.266666666666666e-05,0.0
Phascolarctobacterium,0.0,0.005669,0.005273333333333333,0.005121333333333334,0.005594,0.001738,0.002046,0.002799666666666667,0.0008653333333333333,0.006986,0.004960666666666667,0.00092
Phyllobacterium,0.0,5.7e-05,8.6e-05,8.333333333333333e-05,0.001079,0.00011566666666666667,0.000139,0.00018666666666666666,0.00032866666666666667,8.1e-05,7.8e-05,2e-05
Porphyromonas,0.0,0.002006,0.001693,0.001617,0.0006286666666666667,0.000313,0.000603,0.000299,0.0003826666666666667,0.005718,0.0016833333333333333,0.00012
Prevotella,0.0537787851759749,0.067738,0.067412,0.068663,0.079658,0.09211933333333333,0.092781,0.096216,0.07945866666666666,0.053933,0.07008533333333333,0.08253
Propionibacterium,0.0,0.00019266666666666667,0.00020633333333333333,0.000206,0.00032333333333333335,0.00013266666666666667,0.000217,0.000234,0.000234,0.00029066666666666667,0.000214,2e-05
Propionimicrobium,0.0,7.533333333333334e-05,7.233333333333333e-05,8.433333333333333e-05,0.0002643333333333333,9e-05,0.00023233333333333333,0.000105,6.4e-05,5.6e-05,5.8e-05,5e-05
Proteus,0.0,9.7e-05,0.00010466666666666667,0.00011233333333333333,0.00041733333333333336,8.3e-05,0.00014266666666666667,8.433333333333333e-05,0.00011333333333333333,2.0333333333333334e-05,8.9e-05,0.0
Providencia,0.0,0.0012533333333333333,0.0012636666666666666,0.0012726666666666667,0.002427,0.000697,0.0019206666666666667,0.0014143333333333334,0.0014953333333333333,0.0023393333333333335,0.0013463333333333333,0.0
Pseudobutyrivibrio,0.0,0.00025833333333333334,0.000373,0.00045966666666666665,0.0010806666666666666,0.00010033333333333334,0.0003373333333333333,0.000265,0.00014733333333333333,0.000148,0.00025233333333333336,0.00036
Pseudomonas,0.0,0.000637,0.000637,0.0006773333333333333,0.0035526666666666666,0.0011983333333333334,0.0014463333333333333,0.0013516666666666666,0.003454,0.000334,0.000664,2e-05
Ralstonia,0.0,7.733333333333333e-05,0.00010066666666666667,0.00011333333333333333,0.000455,8.933333333333333e-05,0.00020933333333333334,0.000191,0.000134,1.2333333333333333e-05,8.666666666666667e-05,0.0
Robinsoniella,0.0,0.0010136666666666666,0.001832,0.0019806666666666666,0.0034473333333333335,0.001003,0.000907,0.0006583333333333334,0.0027213333333333334,0.000144,0.0010166666666666666,0.00403
Roseburia,0.050704250331261,0.007490666666666666,0.008117333333333334,0.008243666666666667,0.008987333333333333,0.005419666666666666,0.008224333333333333,0.008884,0.003398,0.005686,0.007162666666666667,0.00301
Rothia,0.0,0.00014966666666666665,0.000181,0.00018133333333333334,0.00012733333333333333,1.8666666666666665e-05,4e-05,2.6666666666666667e-05,2.5333333333333334e-05,5.0333333333333335e-05,0.00014166666666666668,8e-05
Ruminococcus,0.0539137744742103,0.032411666666666665,0.03407866666666667,0.034374,0.042146333333333334,0.043619333333333336,0.04487833333333333,0.04696366666666667,0.036692666666666665,0.02744366666666667,0.03313566666666667,0.01529
Sanguibacteroides,0.0,0.00023166666666666667,0.000309,0.0003646666666666667,0.00020833333333333335,1.5e-05,7.566666666666667e-05,2.1333333333333335e-05,0.000162,0.00012166666666666667,0.00023366666666666666,3e-05
Selenomonas,0.0,0.0006273333333333334,0.0006993333333333334,0.0007663333333333334,0.001642,0.00025133333333333333,0.0008003333333333333,0.000504,0.000396,0.0005836666666666667,0.0007273333333333333,0.0008100000000000001
Slackia,0.0,0.0002843333333333333,0.000277,0.00031966666666666667,0.0007203333333333334,0.00023433333333333333,0.0005693333333333334,0.0003066666666666667,0.00019133333333333334,0.00032033333333333333,0.00022833333333333334,0.00033
Sneathia,0.0,9.333333333333333e-06,2.3333333333333332e-05,2.1666666666666667e-05,0.00011366666666666666,3.6666666666666666e-06,1.4e-05,7.033333333333334e-05,0.0,0.0,4.333333333333333e-06,0.0
Solobacterium,0.0,0.03349933333333333,0.029619333333333334,0.028986333333333333,0.020415333333333334,0.015951,0.021448666666666668,0.023219333333333335,0.00946,0.04227033333333333,0.03381,0.00474
Sporolactobacillus,0.0,6.3e-05,7.9e-05,8.5e-05,0.00047066666666666665,2.8666666666666668e-05,5.2333333333333336e-05,8.366666666666666e-05,3.4e-05,6.2e-05,6.933333333333333e-05,1e-05
Staphylococcus,0.0,0.004073,0.004091333333333333,0.0039016666666666666,0.0033223333333333334,0.0005096666666666666,0.0016893333333333333,0.003608333333333333,0.000372,0.0035183333333333334,0.004138333333333333,5e-05
Streptococcus,0.0299606860164617,0.019579,0.020791333333333332,0.021158,0.024006666666666666,0.023979,0.023938333333333332,0.020304666666666665,0.027644666666666668,0.022355666666666666,0.020854666666666667,0.04303
Streptomyces,0.0,0.000185,0.000166,0.000136,0.0007156666666666666,0.00044333333333333334,0.0005393333333333333,0.000695,0.001316,0.00027133333333333333,0.00014366666666666667,0.0
Subdoligranulum,0.0,0.000196,0.000294,0.00034166666666666666,0.001189,0.00012266666666666668,0.000365,0.00022833333333333334,8.533333333333334e-05,0.00026766666666666665,0.00016366666666666667,0.00031
Succinatimonas,0.0,0.001141,0.001238,0.001082,0.0009666666666666667,0.00011633333333333333,0.000646,0.00033133333333333333,5.6666666666666664e-05,0.0019366666666666666,0.0012313333333333334,3e-05
Succiniclasticum,0.0,0.0018426666666666667,0.0017413333333333332,0.0018093333333333334,0.0022966666666666665,0.0003786666666666667,0.000763,0.0016056666666666667,0.00017466666666666667,0.000774,0.0018726666666666666,0.0001
Sutterella,0.0,0.004174333333333334,0.004418666666666667,0.004326,0.00292,0.003994666666666666,0.0052506666666666665,0.005444333333333333,0.0020626666666666666,0.00652,0.004456,0.0003
Treponema,0.0,0.0007053333333333333,0.0007463333333333333,0.0006396666666666666,0.0012683333333333333,0.00015833333333333332,0.00024,0.0004516666666666667,7.866666666666666e-05,0.0017296666666666667,0.0005903333333333333,0.0001
Veillonella,0.032291055664741,0.054554,0.05474,0.055983333333333336,0.053029,0.04903966666666667,0.049862333333333335,0.04490633333333333,0.056037333333333335,0.06097366666666667,0.057625,0.08746000000000001
Weissella,0.0,5.6666666666666664e-05,7.133333333333334e-05,7.366666666666666e-05,0.00020366666666666667,1.2666666666666667e-05,5.2333333333333336e-05,0.00018666666666666666,3.6e-05,4e-06,3.6e-05,0.0
Xylanibacter,0.0,9e-05,0.00019033333333333334,0.00020666666666666666,0.00036766666666666664,6.0666666666666666e-05,6.9e-05,0.00010633333333333333,6e-05,0.0,7.933333333333333e-05,0.00035999999999999997
