# The 1,316 of the catalogue's 1,535 species that are present in the
# Kraken 2 index used for the coverage-matched comparison. The other 219
# are GCF accessions whose FASTAs were not available locally when the
# index was built, so reads from them cannot be classified and are
# excluded from read-accuracy comparisons against Kraken 2.
#
# Keyed by species_name, which is pool-independent: the same list masks
# either 100K pool. species_class here is the catalogue index and is NOT
# the same numbering as a pool's species_class column -- join on the name.
species_name	species_class	genus_name
11861_6_55	0	Clostridium
11861_6_58	1	Blautia
11861_6_61	2	Alistipes
11861_6_63	3	Alistipes
12718_7_10	4	Clostridium
12718_7_13	5	Staphylococcus
12718_7_14	6	Lactobacillus
12718_7_15	7	Lactobacillus
12718_7_17	8	Lactobacillus
12718_7_23	9	Staphylococcus
12718_7_24	10	Bacillus
12718_7_29	11	Bacteroides
12718_7_3	12	Enterobacter
12718_7_37	13	Butyricimonas
12718_7_39	14	Clostridium
12718_7_49	15	Enterobacter
12718_7_50	16	Enterobacter
12718_7_51	17	Ruminococcus
12718_7_56	18	Lactobacillus
12718_7_59	19	Lactobacillus
12718_7_7	20	Enterobacter
12718_7_70	21	Streptococcus
12718_7_87	22	Streptococcus
12718_7_9	23	Clostridium
12718_7_92	24	Clostridium
13154_4_43	25	Staphylococcus
13414_6_12	26	Selenomonas
13414_6_17	27	Ruminococcus
13414_6_20	28	Blautia
13414_6_24	29	Bacteroides
13414_6_32	30	Blautia
13414_6_34	31	Clostridium
13414_6_41	32	Blautia
13414_6_44	33	Lachnobacterium
13414_6_47	34	Lachnobacterium
13414_6_50	35	Dorea
13414_6_53	36	Faecalibacterium
13414_6_66	37	Blautia
13414_6_73	38	Clostridium
13470_2_62	39	Bacteroides
13470_2_64	40	Bacteroides
13470_2_65	41	Bacteroides
13470_2_67	42	Parabacteroides
13470_2_73	43	Megasphaera
13470_2_75	44	Clostridium
13470_2_77	45	Clostridium
13470_2_78	46	Clostridium
13470_2_81	47	Blautia
14207_6_12	48	Alistipes
14207_6_13	49	Bacteroides
14207_6_9	50	Bacteroides
14207_7_1	51	Lachnospira
14207_7_23	52	Bacteroides
14207_7_27	53	Clostridium
14207_7_30	54	Clostridium
14207_7_37	55	Dorea
14207_7_57	56	Ruminococcus
14207_7_70	57	Alistipes
14207_7_75	58	Clostridium
14207_7_83	59	Roseburia
14207_7_9	60	Lachnospira
14670_1_61	61	Enterococcus
14672_4_4	62	Exiguobacterium
15841_8_64	63	Clostridium
15841_8_88	64	Corynebacterium
17138_5_74	65	Acinetobacter
17138_5_75	66	Bacillus
18048_1_72	67	Blautia
18048_1_93	68	Bifidobacterium
18048_2_67	69	Blautia
18048_2_85	70	Clostridium
18048_2_90	71	Odoribacter
18391_1_11	72	Streptococcus
18391_1_7	73	Bifidobacterium
20287_6_22	74	Ruminococcus
20287_6_33	75	Ruminococcus
20287_6_4	76	Achromobacter
20287_6_53	77	Bacteroides
20287_6_6	78	Klebsiella
20287_6_9	79	Bacteroides
20298_2_1	80	Lactobacillus
20298_2_10	81	Streptococcus
20298_2_19	82	Leuconostoc
20298_2_23	83	Bacteroides
20298_2_29	84	Propionimicrobium
20298_2_33	85	Enterococcus
20298_2_47	86	Clostridium
20298_2_49	87	Streptococcus
20298_2_5	88	Clostridium
20298_2_53	89	Lactobacillus
20298_2_67	90	Klebsiella
20298_2_7	91	Bacteroides
20298_3_1	92	Propionibacterium
20298_3_11	93	Enterococcus
20298_3_12	94	Enterococcus
20298_3_13	95	Klebsiella
20298_3_17	96	Citrobacter
20298_3_18	97	Streptococcus
20298_3_2	98	Bifidobacterium
20298_3_21	99	Actinomyces
20298_3_24	100	Streptococcus
20298_3_25	101	Streptococcus
20298_3_26	102	Clostridium
20298_3_28	103	Exiguobacterium
20298_3_3	104	Staphylococcus
20298_3_35	105	Blautia
20298_3_36	106	Peptoniphilus
20298_3_37	107	Klebsiella
20298_3_4	108	Citrobacter
20298_3_48	109	Blautia
20298_3_52	110	Clostridium
20298_3_62	111	Clostridium
20298_3_63	112	Alistipes
20298_3_66	113	Peptoniphilus
20298_3_81	114	Blautia
20427_4_22	115	Lactobacillus
20427_4_25	116	Lachnobacterium
21673_4_19	117	Blautia
21673_4_22	118	Ruminococcus
21673_4_33	119	Parabacteroides
21673_4_38	120	Blautia
21673_4_43	121	Enterococcus
21673_4_46	122	Bacteroides
21673_4_5	123	Barnesiella
21673_4_53	124	Blautia
21673_4_71	125	Clostridium
21673_4_77	126	Clostridium
21673_4_80	127	Clostridium
21673_4_87	128	Dorea
21673_4_91	129	Bacillus
8080_1_72	130	Blautia
8080_1_73	131	Clostridium
8080_1_77	132	Clostridium
8080_1_78	133	Clostridium
8080_1_80	134	Solobacterium
8080_1_81	135	Clostridium
8080_1_83	136	Clostridium
UMGS1	356	Solobacterium
UMGS1003	357	Prevotella
UMGS1005	358	Parabacteroides
UMGS1006	359	Clostridium
UMGS1007	360	Prevotella
UMGS1009	361	Collinsella
UMGS101	362	Clostridium
UMGS1010	363	Blautia
UMGS1013	364	Collinsella
UMGS1015	365	Clostridium
UMGS1016	366	Lachnobacterium
UMGS1017	367	Solobacterium
UMGS1019	368	Dialister
UMGS1022	369	Collinsella
UMGS1023	370	Collinsella
UMGS1026	371	Collinsella
UMGS1027	372	Clostridium
UMGS1028	373	Solobacterium
UMGS1029	374	Solobacterium
UMGS1030	375	Collinsella
UMGS1031	376	Collinsella
UMGS1036	377	Prevotella
UMGS1038	378	Massiliomicrobiota
UMGS104	379	Collinsella
UMGS1046	380	Eggerthella
UMGS1047	381	Collinsella
UMGS1049	382	Odoribacter
UMGS1051	383	Dialister
UMGS1053	384	Roseburia
UMGS1055	385	Anaerotruncus
UMGS1059	386	Coprococcus
UMGS1061	387	Blautia
UMGS1063	388	Prevotella
UMGS1064	389	Parabacteroides
UMGS1065	390	Alistipes
UMGS1066	391	Roseburia
UMGS1067	392	Coprococcus
UMGS1068	393	Fusobacterium
UMGS107	394	Porphyromonas
UMGS1073	395	Paraprevotella
UMGS1074	396	Collinsella
UMGS1075	397	Collinsella
UMGS1077	398	Collinsella
UMGS1080	399	Olsenella
UMGS1082	400	Collinsella
UMGS1083	401	Collinsella
UMGS1085	402	Porphyromonas
UMGS1086	403	Collinsella
UMGS1088	404	Clostridium
UMGS1089	405	Collinsella
UMGS1091	406	Oscillibacter
UMGS1092	407	Succinatimonas
UMGS1093	408	Bacteroides
UMGS1094	409	Collinsella
UMGS1095	410	Collinsella
UMGS1096	411	Eubacterium
UMGS11	412	Slackia
UMGS1100	413	Collinsella
UMGS1103	414	Prevotella
UMGS1105	415	Prevotella
UMGS111	416	Megasphaera
UMGS1112	417	Collinsella
UMGS1114	418	Megasphaera
UMGS1117	419	Collinsella
UMGS1118	420	Prevotella
UMGS1119	421	Lachnobacterium
UMGS1120	422	Prevotella
UMGS1121	423	Olsenella
UMGS1127	424	Coprococcus
UMGS1128	425	Akkermansia
UMGS1129	426	Desulfovibrio
UMGS113	427	Campylobacter
UMGS1130	428	Butyricimonas
UMGS1131	429	Collinsella
UMGS1137	430	Parabacteroides
UMGS1138	431	Blautia
UMGS1139	432	Collinsella
UMGS1140	433	Solobacterium
UMGS1141	434	Solobacterium
UMGS1142	435	Eggerthella
UMGS1146	436	Collinsella
UMGS1152	437	Collinsella
UMGS1154	438	Collinsella
UMGS1155	439	Prevotella
UMGS1156	440	Blautia
UMGS1157	441	Eubacterium
UMGS1160	442	Collinsella
UMGS1161	443	Collinsella
UMGS1162	444	Prevotella
UMGS1164	445	Prevotella
UMGS1165	446	Collinsella
UMGS1166	447	Collinsella
UMGS1168	448	Alistipes
UMGS1169	449	Clostridium
UMGS117	450	Sutterella
UMGS1173	451	Collinsella
UMGS1174	452	Collinsella
UMGS118	453	Granulicatella
UMGS1181	454	Megasphaera
UMGS1183	455	Collinsella
UMGS1184	456	Collinsella
UMGS1186	457	Collinsella
UMGS1189	458	Atopobium
UMGS119	459	Blautia
UMGS1190	460	Collinsella
UMGS1196	461	Halomonas
UMGS1197	462	Fusobacterium
UMGS12	463	Sutterella
UMGS120	464	Alistipes
UMGS1200	465	Collinsella
UMGS1201	466	Parabacteroides
UMGS1203	467	Collinsella
UMGS1205	468	Bacteroides
UMGS1207	469	Collinsella
UMGS1208	470	Prevotella
UMGS1209	471	Collinsella
UMGS121	472	Succiniclasticum
UMGS1210	473	Alistipes
UMGS1213	474	Bacteroides
UMGS1219	475	Collinsella
UMGS122	476	Paenibacillus
UMGS1220	477	Collinsella
UMGS1228	478	Succiniclasticum
UMGS1231	479	Veillonella
UMGS1233	480	Anaerofustis
UMGS1235	481	Veillonella
UMGS1236	482	Bacteroides
UMGS1238	483	Clostridium
UMGS1239	484	Lachnobacterium
UMGS1242	485	Collinsella
UMGS1243	486	Ruminococcus
UMGS1244	487	Clostridium
UMGS125	488	Clostridium
UMGS1250	489	Prevotella
UMGS1252	490	Collinsella
UMGS1255	491	Solobacterium
UMGS1256	492	Klebsiella
UMGS1258	493	Eubacterium
UMGS1259	494	Veillonella
UMGS126	495	Oscillibacter
UMGS1260	496	Pelosinus
UMGS1262	497	Collinsella
UMGS1265	498	Bacteroides
UMGS1268	499	Anaerostipes
UMGS1269	500	Eubacterium
UMGS127	501	Eubacterium
UMGS1270	502	Collinsella
UMGS1273	503	Oscillibacter
UMGS1274	504	Collinsella
UMGS1276	505	Prevotella
UMGS1277	506	Collinsella
UMGS1278	507	Collinsella
UMGS128	508	Clostridium
UMGS1280	509	Alistipes
UMGS1282	510	Collinsella
UMGS1285	511	Prevotella
UMGS1286	512	Anaerococcus
UMGS1287	513	Clostridium
UMGS1288	514	Clostridium
UMGS129	515	Clostridium
UMGS1291	516	Veillonella
UMGS1292	517	Alistipes
UMGS1294	518	Prevotella
UMGS13	519	Veillonella
UMGS1300	520	Collinsella
UMGS1306	521	Clostridium
UMGS1308	522	Oscillibacter
UMGS1309	523	Collinsella
UMGS1310	524	Lachnobacterium
UMGS1311	525	Prevotella
UMGS1314	526	Clostridium
UMGS1319	527	Collinsella
UMGS1320	528	Prevotella
UMGS1321	529	Collinsella
UMGS1324	530	Selenomonas
UMGS1325	531	Oscillibacter
UMGS1327	532	Ruminococcus
UMGS1328	533	Butyricicoccus
UMGS1329	534	Marvinbryantia
UMGS1330	535	Desulfovibrio
UMGS1333	536	Collinsella
UMGS1335	537	Dorea
UMGS1336	538	Collinsella
UMGS1339	539	Collinsella
UMGS1340	540	Lachnobacterium
UMGS1341	541	Collinsella
UMGS1342	542	Alistipes
UMGS1347	543	Streptococcus
UMGS1349	544	Collinsella
UMGS1351	545	Roseburia
UMGS1352	546	Bacteroides
UMGS1354	547	Collinsella
UMGS1355	548	Ruminococcus
UMGS1356	549	Clostridium
UMGS1357	550	Blautia
UMGS1359	551	Blautia
UMGS136	552	Ruminococcus
UMGS1360	553	Prevotella
UMGS1362	554	Ruminococcus
UMGS1364	555	Anaerococcus
UMGS1367	556	Enterococcus
UMGS1369	557	Blautia
UMGS1370	558	Clostridium
UMGS1371	559	Eggerthella
UMGS1373	560	Clostridium
UMGS1376	561	Collinsella
UMGS1378	562	Collinsella
UMGS138	563	Clostridium
UMGS1380	564	Collinsella
UMGS1381	565	Eggerthella
UMGS1385	566	Phascolarctobacterium
UMGS1386	567	Collinsella
UMGS1390	568	Prevotella
UMGS1391	569	Solobacterium
UMGS1399	570	Bacteroides
UMGS14	571	Megasphaera
UMGS1401	572	Collinsella
UMGS1403	573	Subdoligranulum
UMGS1404	574	Faecalibacterium
UMGS1405	575	Bifidobacterium
UMGS1406	576	Clostridium
UMGS1409	577	Collinsella
UMGS141	578	Akkermansia
UMGS1413	579	Ruminococcus
UMGS1414	580	Granulicatella
UMGS1415	581	Blautia
UMGS1416	582	Bacteroides
UMGS1417	583	Collinsella
UMGS1419	584	Blautia
UMGS142	585	Campylobacter
UMGS1420	586	Collinsella
UMGS1421	587	Collinsella
UMGS1423	588	Clostridium
UMGS1424	589	Collinsella
UMGS1425	590	Clostridium
UMGS1427	591	Desulfovibrio
UMGS1428	592	Prevotella
UMGS143	593	Blautia
UMGS1430	594	Prevotella
UMGS1431	595	Phascolarctobacterium
UMGS1432	596	Collinsella
UMGS1433	597	Prevotella
UMGS1434	598	Blautia
UMGS1436	599	Blautia
UMGS1437	600	Eubacterium
UMGS1438	601	Clostridium
UMGS1439	602	Collinsella
UMGS144	603	Succinatimonas
UMGS1440	604	Clostridium
UMGS1441	605	Eubacterium
UMGS1442	606	Collinsella
UMGS1443	607	Prevotella
UMGS1444	608	Collinsella
UMGS1448	609	Oscillibacter
UMGS145	610	Prevotella
UMGS1450	611	Bacteroides
UMGS1452	612	Porphyromonas
UMGS1456	613	Phascolarctobacterium
UMGS146	614	Streptococcus
UMGS1462	615	Eubacterium
UMGS1464	616	Prevotella
UMGS1465	617	Collinsella
UMGS1467	618	Lachnobacterium
UMGS1468	619	Solobacterium
UMGS1469	620	Solobacterium
UMGS147	621	Roseburia
UMGS1472	622	Blautia
UMGS1473	623	Bacteroides
UMGS1475	624	Collinsella
UMGS1476	625	Clostridium
UMGS1479	626	Sutterella
UMGS148	627	Azospirillum
UMGS1480	628	Collinsella
UMGS1481	629	Dialister
UMGS1482	630	Collinsella
UMGS1483	631	Collinsella
UMGS1488	632	Eubacterium
UMGS1489	633	Collinsella
UMGS149	634	Azospirillum
UMGS1497	635	Collinsella
UMGS1499	636	Collinsella
UMGS15	637	Catenibacterium
UMGS1500	638	Dialister
UMGS1501	639	Collinsella
UMGS1504	640	Bacteroides
UMGS1505	641	Bacteroides
UMGS1506	642	Veillonella
UMGS1508	643	Collinsella
UMGS151	644	Robinsoniella
UMGS1510	645	Clostridium
UMGS1511	646	Parabacteroides
UMGS1514	647	Parabacteroides
UMGS1516	648	Clostridium
UMGS152	649	Clostridium
UMGS1520	650	Prevotella
UMGS1521	651	Roseburia
UMGS1522	652	Selenomonas
UMGS1524	653	Prevotella
UMGS1525	654	Sutterella
UMGS1526	655	Prevotella
UMGS1527	656	Bifidobacterium
UMGS1529	657	Eubacterium
UMGS1530	658	Collinsella
UMGS1531	659	Clostridium
UMGS1533	660	Roseburia
UMGS1534	661	Bacteroides
UMGS1537	662	Clostridium
UMGS1538	663	Ruminococcus
UMGS1539	664	Veillonella
UMGS1542	665	Collinsella
UMGS1543	666	Clostridium
UMGS1545	667	Collinsella
UMGS1546	668	Collinsella
UMGS1547	669	Veillonella
UMGS1548	670	Actinomyces
UMGS1549	671	Collinsella
UMGS1550	672	Eubacterium
UMGS1552	673	Anaerotignum
UMGS1553	674	Clostridium
UMGS1554	675	Phascolarctobacterium
UMGS1558	676	Collinsella
UMGS1559	677	Alistipes
UMGS156	678	Prevotella
UMGS1560	679	Succinatimonas
UMGS1561	680	Prevotella
UMGS1562	681	Sutterella
UMGS1563	682	Clostridium
UMGS1565	683	Collinsella
UMGS1567	684	Collinsella
UMGS1568	685	Phascolarctobacterium
UMGS1570	686	Clostridium
UMGS1576	687	Clostridium
UMGS1579	688	Sutterella
UMGS158	689	Clostridium
UMGS1580	690	Desulfovibrio
UMGS1581	691	Lachnobacterium
UMGS1582	692	Desulfovibrio
UMGS1584	693	Prevotella
UMGS1586	694	Collinsella
UMGS1587	695	Alistipes
UMGS1589	696	Collinsella
UMGS1594	697	Clostridium
UMGS1595	698	Bacteroides
UMGS1597	699	Collinsella
UMGS1598	700	Prevotella
UMGS16	701	Veillonella
UMGS1601	702	Ruminococcus
UMGS1604	703	Clostridium
UMGS1606	704	Collinsella
UMGS1608	705	Collinsella
UMGS1609	706	Clostridium
UMGS1612	707	Clostridium
UMGS1616	708	Clostridium
UMGS1619	709	Clostridium
UMGS162	710	Alistipes
UMGS1622	711	Blautia
UMGS1624	712	Prevotella
UMGS1625	713	Clostridium
UMGS1627	714	Collinsella
UMGS1629	715	Olsenella
UMGS163	716	Megasphaera
UMGS1630	717	Clostridium
UMGS1631	718	Collinsella
UMGS1632	719	Eggerthella
UMGS1635	720	Prevotella
UMGS1637	721	Eubacterium
UMGS1638	722	Collinsella
UMGS1639	723	Butyricicoccus
UMGS164	724	Collinsella
UMGS1640	725	Clostridium
UMGS1641	726	Ruminococcus
UMGS1642	727	Clostridium
UMGS1644	728	Slackia
UMGS1645	729	Prevotella
UMGS1646	730	Bacteroides
UMGS1647	731	Bacteroides
UMGS1649	732	Clostridium
UMGS1650	733	Clostridium
UMGS1652	734	Clostridium
UMGS1653	735	Slackia
UMGS1654	736	Bacteroides
UMGS1659	737	Ruminococcus
UMGS166	738	Porphyromonas
UMGS1660	739	Clostridium
UMGS1662	740	Ruminococcus
UMGS1663	741	Clostridium
UMGS1666	742	Clostridium
UMGS1667	743	Collinsella
UMGS1669	744	Clostridium
UMGS1672	745	Clostridium
UMGS1673	746	Clostridium
UMGS1674	747	Prevotella
UMGS1675	748	Clostridium
UMGS1677	749	Clostridium
UMGS1678	750	Selenomonas
UMGS1680	751	Collinsella
UMGS1681	752	Clostridium
UMGS1683	753	Collinsella
UMGS1684	754	Prevotella
UMGS1687	755	Butyrivibrio
UMGS1689	756	Clostridium
UMGS169	757	Clostridium
UMGS1693	758	Megasphaera
UMGS1694	759	Dialister
UMGS1695	760	Collinsella
UMGS1697	761	Bacteroides
UMGS1699	762	Clostridium
UMGS17	763	Clostridium
UMGS170	764	Phyllobacterium
UMGS1701	765	Collinsella
UMGS1705	766	Clostridium
UMGS1706	767	Collinsella
UMGS1710	768	Bacteroides
UMGS1711	769	Clostridium
UMGS1712	770	Phascolarctobacterium
UMGS1716	771	Fusobacterium
UMGS1717	772	Oscillibacter
UMGS1718	773	Sutterella
UMGS1719	774	Actinomyces
UMGS1720	775	Collinsella
UMGS1721	776	Collinsella
UMGS1724	777	Collinsella
UMGS1726	778	Collinsella
UMGS1727	779	Acidaminococcus
UMGS1729	780	Collinsella
UMGS173	781	Eubacterium
UMGS1731	782	Actinomyces
UMGS1732	783	Collinsella
UMGS1733	784	Prevotella
UMGS1734	785	Clostridium
UMGS1737	786	Solobacterium
UMGS1738	787	Faecalibacterium
UMGS1740	788	Clostridium
UMGS1741	789	Prevotella
UMGS1742	790	Collinsella
UMGS1743	791	Collinsella
UMGS1745	792	Cryptobacterium
UMGS1747	793	Collinsella
UMGS1749	794	Sutterella
UMGS175	795	Anaerotruncus
UMGS1752	796	Solobacterium
UMGS1753	797	Leuconostoc
UMGS1754	798	Clostridium
UMGS1755	799	Collinsella
UMGS1756	800	Faecalibacterium
UMGS1759	801	Roseburia
UMGS176	802	Ruminococcus
UMGS1761	803	Clostridium
UMGS1762	804	Prevotella
UMGS1763	805	Collinsella
UMGS1764	806	Megamonas
UMGS1765	807	Fusobacterium
UMGS1767	808	Collinsella
UMGS1769	809	Porphyromonas
UMGS177	810	Anaerotruncus
UMGS1771	811	Ruminococcus
UMGS1778	812	Ruminococcus
UMGS1779	813	Collinsella
UMGS178	814	Prevotella
UMGS1781	815	Clostridium
UMGS1782	816	Clostridium
UMGS1784	817	Clostridium
UMGS1786	818	Blautia
UMGS1787	819	Prevotella
UMGS1788	820	Clostridium
UMGS1790	821	Collinsella
UMGS1794	822	Streptococcus
UMGS1795	823	Clostridium
UMGS1796	824	Clostridium
UMGS18	825	Porphyromonas
UMGS1800	826	Collinsella
UMGS1801	827	Prevotella
UMGS1806	828	Roseburia
UMGS1807	829	Dialister
UMGS1808	830	Clostridium
UMGS1809	831	Fusobacterium
UMGS181	832	Akkermansia
UMGS1811	833	Ruminococcus
UMGS1816	834	Collinsella
UMGS1817	835	Atopobium
UMGS1818	836	Pseudomonas
UMGS182	837	Bacteroides
UMGS1821	838	Desulfovibrio
UMGS1822	839	Eubacterium
UMGS1823	840	Ruminococcus
UMGS1824	841	Fusobacterium
UMGS1825	842	Butyricicoccus
UMGS183	843	Faecalibacterium
UMGS1832	844	Slackia
UMGS1833	845	Robinsoniella
UMGS1834	846	Collinsella
UMGS1835	847	Collinsella
UMGS1836	848	Collinsella
UMGS1837	849	Alistipes
UMGS184	850	Faecalibacterium
UMGS1841	851	Collinsella
UMGS1842	852	Collinsella
UMGS1843	853	Clostridium
UMGS1844	854	Solobacterium
UMGS1845	855	Bacteroides
UMGS1846	856	Ruminococcus
UMGS1847	857	Prevotella
UMGS185	858	Ruminococcus
UMGS1851	859	Clostridium
UMGS1852	860	Clostridium
UMGS1853	861	Collinsella
UMGS1857	862	Garciella
UMGS186	863	Ruminococcus
UMGS1860	864	Eubacterium
UMGS1861	865	Eggerthella
UMGS1862	866	Collinsella
UMGS1864	867	Clostridium
UMGS1869	868	Bacteroides
UMGS1870	869	Ruminococcus
UMGS1871	870	Fusobacterium
UMGS1873	871	Collinsella
UMGS1874	872	Collinsella
UMGS1875	873	Clostridium
UMGS1879	874	Collinsella
UMGS188	875	Clostridium
UMGS1882	876	Ruminococcus
UMGS1884	877	Clostridium
UMGS1886	878	Ruminococcus
UMGS1887	879	Olsenella
UMGS1889	880	Ruminococcus
UMGS1890	881	Desulfovibrio
UMGS1894	882	Gemella
UMGS1895	883	Pantoea
UMGS1896	884	Butyricimonas
UMGS1897	885	Clostridium
UMGS190	886	Eggerthella
UMGS1901	887	Clostridium
UMGS1903	888	Ruminococcus
UMGS1905	889	Collinsella
UMGS1909	890	Bacteroides
UMGS1910	891	Collinsella
UMGS1912	892	Xylanibacter
UMGS1913	893	Collinsella
UMGS1914	894	Clostridium
UMGS1917	895	Clostridium
UMGS1918	896	Prevotella
UMGS1919	897	Collinsella
UMGS192	898	Eubacterium
UMGS1920	899	Collinsella
UMGS1921	900	Collinsella
UMGS1922	901	Granulicatella
UMGS1923	902	Clostridium
UMGS1925	903	Clostridium
UMGS1927	904	Prevotella
UMGS1928	905	Collinsella
UMGS1929	906	Prevotella
UMGS193	907	Solobacterium
UMGS1933	908	Clostridium
UMGS1934	909	Actinomyces
UMGS1935	910	Collinsella
UMGS1936	911	Collinsella
UMGS1937	912	Collinsella
UMGS1938	913	Dysgonomonas
UMGS1939	914	Solobacterium
UMGS194	915	Corynebacterium
UMGS1942	916	Slackia
UMGS1943	917	Collinsella
UMGS1944	918	Blautia
UMGS1946	919	Prevotella
UMGS1948	920	Eggerthella
UMGS1949	921	Collinsella
UMGS1952	922	Enterococcus
UMGS1954	923	Bacteroides
UMGS1959	924	Megamonas
UMGS1963	925	Eggerthella
UMGS1965	926	Anaerococcus
UMGS1966	927	Desulfovibrio
UMGS1967	928	Collinsella
UMGS1968	929	Clostridium
UMGS1969	930	Collinsella
UMGS197	931	Ruminococcus
UMGS1970	932	Collinsella
UMGS1972	933	Prevotella
UMGS1974	934	Anaerotruncus
UMGS1977	935	Prevotella
UMGS1979	936	Veillonella
UMGS1980	937	Bacteroides
UMGS1982	938	Collinsella
UMGS1983	939	Clostridium
UMGS1984	940	Solobacterium
UMGS1985	941	Collinsella
UMGS1987	942	Oscillibacter
UMGS1988	943	Clostridium
UMGS199	944	Ruminococcus
UMGS1991	945	Eggerthella
UMGS1992	946	Clostridium
UMGS1994	947	Clostridium
UMGS1995	948	Clostridium
UMGS1996	949	Prevotella
UMGS2	950	Dysgonomonas
UMGS20	951	Megasphaera
UMGS200	952	Ruminococcus
UMGS2001	953	Phascolarctobacterium
UMGS2002	954	Collinsella
UMGS2004	955	Odoribacter
UMGS2005	956	Ruminococcus
UMGS2006	957	Collinsella
UMGS2007	958	Bacteroides
UMGS2009	959	Actinomyces
UMGS201	960	Enterobacter
UMGS2010	961	Lachnobacterium
UMGS2011	962	Clostridium
UMGS2014	963	Clostridium
UMGS2019	964	Clostridium
UMGS2020	965	Porphyromonas
UMGS2021	966	Collinsella
UMGS2022	967	Lactobacillus
UMGS2024	968	Phascolarctobacterium
UMGS2025	969	Roseburia
UMGS2027	970	Prevotella
UMGS2028	971	Streptococcus
UMGS2029	972	Collinsella
UMGS2030	973	Butyricicoccus
UMGS2033	974	Coprococcus
UMGS2034	975	Prevotella
UMGS2035	976	Veillonella
UMGS2039	977	Dialister
UMGS204	978	Collinsella
UMGS2040	979	Porphyromonas
UMGS2041	980	Atopobium
UMGS2042	981	Bacteroides
UMGS2043	982	Collinsella
UMGS2044	983	Veillonella
UMGS2047	984	Collinsella
UMGS2048	985	Solobacterium
UMGS2049	986	Solobacterium
UMGS205	987	Aeromonas
UMGS2050	988	Collinsella
UMGS2051	989	Prevotella
UMGS2052	990	Collinsella
UMGS2053	991	Clostridium
UMGS2056	992	Clostridium
UMGS2058	993	Collinsella
UMGS2059	994	Collinsella
UMGS206	995	Alistipes
UMGS2062	996	Streptococcus
UMGS2063	997	Sutterella
UMGS2064	998	Collinsella
UMGS2066	999	Collinsella
UMGS2067	1000	Faecalibacterium
UMGS2071	1001	Actinomyces
UMGS2074	1002	Veillonella
UMGS2075	1003	Bacteroides
UMGS2076	1004	Franconibacter
UMGS2079	1005	Blautia
UMGS208	1006	Parabacteroides
UMGS212	1007	Bacteroides
UMGS215	1008	Dialister
UMGS218	1009	Bacteroides
UMGS219	1010	Bacteroides
UMGS220	1011	Anaeromassilibacillus
UMGS222	1012	Clostridium
UMGS223	1013	Azospirillum
UMGS227	1014	Barnesiella
UMGS228	1015	Clostridium
UMGS229	1016	Clostridium
UMGS235	1017	Eggerthella
UMGS239	1018	Prevotella
UMGS24	1019	Megasphaera
UMGS240	1020	Clostridium
UMGS242	1021	Actinomyces
UMGS244	1022	Prevotella
UMGS248	1023	Robinsoniella
UMGS249	1024	Clostridium
UMGS250	1025	Desulfovibrio
UMGS252	1026	Actinomyces
UMGS253	1027	Faecalibacterium
UMGS254	1028	Acidaminococcus
UMGS255	1029	Phascolarctobacterium
UMGS256	1030	Collinsella
UMGS257	1031	Lachnospira
UMGS258	1032	Lactobacillus
UMGS26	1033	Eggerthella
UMGS269	1034	Catenibacterium
UMGS270	1035	Catenibacterium
UMGS271	1036	Robinsoniella
UMGS272	1037	Eggerthella
UMGS275	1038	Clostridium
UMGS276	1039	Blautia
UMGS277	1040	Bacteroides
UMGS278	1041	Prevotella
UMGS281	1042	Megasphaera
UMGS282	1043	Parabacteroides
UMGS283	1044	Ruminococcus
UMGS284	1045	Collinsella
UMGS287	1046	Prevotella
UMGS288	1047	Bacteroides
UMGS289	1048	Collinsella
UMGS29	1049	Butyricimonas
UMGS290	1050	Collinsella
UMGS291	1051	Collinsella
UMGS292	1052	Collinsella
UMGS293	1053	Collinsella
UMGS294	1054	Collinsella
UMGS295	1055	Collinsella
UMGS296	1056	Collinsella
UMGS297	1057	Collinsella
UMGS298	1058	Collinsella
UMGS299	1059	Collinsella
UMGS3	1060	Acidaminococcus
UMGS300	1061	Collinsella
UMGS301	1062	Collinsella
UMGS302	1063	Collinsella
UMGS303	1064	Collinsella
UMGS304	1065	Olsenella
UMGS305	1066	Collinsella
UMGS306	1067	Collinsella
UMGS307	1068	Collinsella
UMGS308	1069	Collinsella
UMGS309	1070	Collinsella
UMGS31	1071	Desulfovibrio
UMGS310	1072	Collinsella
UMGS311	1073	Collinsella
UMGS312	1074	Collinsella
UMGS313	1075	Collinsella
UMGS314	1076	Collinsella
UMGS315	1077	Collinsella
UMGS316	1078	Collinsella
UMGS317	1079	Collinsella
UMGS318	1080	Collinsella
UMGS319	1081	Collinsella
UMGS320	1082	Collinsella
UMGS321	1083	Collinsella
UMGS322	1084	Collinsella
UMGS323	1085	Collinsella
UMGS324	1086	Collinsella
UMGS325	1087	Collinsella
UMGS326	1088	Collinsella
UMGS327	1089	Collinsella
UMGS328	1090	Bacteroides
UMGS33	1091	Eggerthella
UMGS331	1092	Bacteroides
UMGS332	1093	Parabacteroides
UMGS333	1094	Prevotella
UMGS334	1095	Collinsella
UMGS335	1096	Blautia
UMGS337	1097	Clostridium
UMGS338	1098	Porphyromonas
UMGS339	1099	Solobacterium
UMGS34	1100	Clostridium
UMGS340	1101	Ruminococcus
UMGS341	1102	Clostridium
UMGS343	1103	Anaerococcus
UMGS344	1104	Desulfovibrio
UMGS346	1105	Odoribacter
UMGS347	1106	Acinetobacter
UMGS349	1107	Sutterella
UMGS35	1108	Clostridium
UMGS351	1109	Butyricicoccus
UMGS353	1110	Clostridium
UMGS355	1111	Bacteroides
UMGS356	1112	Fusobacterium
UMGS358	1113	Collinsella
UMGS359	1114	Dialister
UMGS36	1115	Blautia
UMGS362	1116	Ruminococcus
UMGS363	1117	Ruminococcus
UMGS367	1118	Solobacterium
UMGS368	1119	Alistipes
UMGS369	1120	Succiniclasticum
UMGS37	1121	Lachnospira
UMGS370	1122	Dialister
UMGS372	1123	Alistipes
UMGS373	1124	Prevotella
UMGS375	1125	Collinsella
UMGS376	1126	Collinsella
UMGS377	1127	Collinsella
UMGS378	1128	Collinsella
UMGS379	1129	Collinsella
UMGS38	1130	Ruminococcus
UMGS380	1131	Olsenella
UMGS381	1132	Collinsella
UMGS382	1133	Collinsella
UMGS383	1134	Collinsella
UMGS384	1135	Collinsella
UMGS385	1136	Collinsella
UMGS386	1137	Collinsella
UMGS387	1138	Collinsella
UMGS388	1139	Collinsella
UMGS389	1140	Collinsella
UMGS39	1141	Eubacterium
UMGS390	1142	Collinsella
UMGS391	1143	Collinsella
UMGS393	1144	Collinsella
UMGS394	1145	Collinsella
UMGS395	1146	Collinsella
UMGS396	1147	Collinsella
UMGS397	1148	Collinsella
UMGS398	1149	Collinsella
UMGS399	1150	Collinsella
UMGS4	1151	Butyrivibrio
UMGS40	1152	Ruminococcus
UMGS402	1153	Actinomyces
UMGS406	1154	Blautia
UMGS407	1155	Parabacteroides
UMGS408	1156	Treponema
UMGS41	1157	Anaeromassilibacillus
UMGS410	1158	Xylanibacter
UMGS411	1159	Phascolarctobacterium
UMGS412	1160	Blautia
UMGS414	1161	Collinsella
UMGS417	1162	Eggerthella
UMGS418	1163	Azospirillum
UMGS419	1164	Treponema
UMGS42	1165	Lachnospira
UMGS420	1166	Clostridium
UMGS421	1167	Blautia
UMGS422	1168	Bacteroides
UMGS425	1169	Collinsella
UMGS426	1170	Oscillibacter
UMGS427	1171	Collinsella
UMGS428	1172	Collinsella
UMGS429	1173	Collinsella
UMGS43	1174	Coprococcus
UMGS430	1175	Collinsella
UMGS431	1176	Eggerthella
UMGS433	1177	Dialister
UMGS437	1178	Sneathia
UMGS438	1179	Clostridium
UMGS439	1180	Sutterella
UMGS44	1181	Peptoniphilus
UMGS441	1182	Collinsella
UMGS442	1183	Collinsella
UMGS443	1184	Collinsella
UMGS445	1185	Collinsella
UMGS446	1186	Collinsella
UMGS447	1187	Collinsella
UMGS448	1188	Collinsella
UMGS449	1189	Collinsella
UMGS45	1190	Peptoniphilus
UMGS450	1191	Collinsella
UMGS453	1192	Clostridium
UMGS456	1193	Ruminococcus
UMGS457	1194	Acidaminococcus
UMGS458	1195	Eubacterium
UMGS463	1196	Faecalibacterium
UMGS465	1197	Alistipes
UMGS466	1198	Collinsella
UMGS467	1199	Collinsella
UMGS468	1200	Eggerthella
UMGS47	1201	Pantoea
UMGS470	1202	Phascolarctobacterium
UMGS472	1203	Roseburia
UMGS475	1204	Subdoligranulum
UMGS476	1205	Prevotella
UMGS478	1206	Fusobacterium
UMGS479	1207	Adlercreutzia
UMGS480	1208	Alistipes
UMGS481	1209	Collinsella
UMGS485	1210	Collinsella
UMGS487	1211	Collinsella
UMGS488	1212	Dorea
UMGS490	1213	Prevotella
UMGS492	1214	Actinomyces
UMGS493	1215	Prevotella
UMGS495	1216	Pelosinus
UMGS498	1217	Collinsella
UMGS499	1218	Prevotella
UMGS50	1219	Alistipes
UMGS500	1220	Sutterella
UMGS503	1221	Solobacterium
UMGS504	1222	Gemmiger
UMGS505	1223	Ruminococcus
UMGS506	1224	Collinsella
UMGS508	1225	Eubacterium
UMGS51	1226	Collinsella
UMGS510	1227	Collinsella
UMGS511	1228	Collinsella
UMGS512	1229	Collinsella
UMGS513	1230	Collinsella
UMGS514	1231	Collinsella
UMGS515	1232	Collinsella
UMGS516	1233	Collinsella
UMGS517	1234	Collinsella
UMGS518	1235	Collinsella
UMGS519	1236	Collinsella
UMGS52	1237	Clostridium
UMGS520	1238	Actinomyces
UMGS523	1239	Bacteroides
UMGS524	1240	Solobacterium
UMGS525	1241	Streptococcus
UMGS526	1242	Ruminococcus
UMGS53	1243	Clostridium
UMGS533	1244	Ruminococcus
UMGS536	1245	Ruminococcus
UMGS539	1246	Fusobacterium
UMGS54	1247	Pantoea
UMGS540	1248	Bacteroides
UMGS541	1249	Prevotella
UMGS542	1250	Clostridium
UMGS543	1251	Dialister
UMGS545	1252	Collinsella
UMGS547	1253	Porphyromonas
UMGS548	1254	Fusobacterium
UMGS55	1255	Clostridium
UMGS552	1256	Bacteroides
UMGS556	1257	Ruminococcus
UMGS558	1258	Clostridium
UMGS559	1259	Alistipes
UMGS56	1260	Corynebacterium
UMGS561	1261	Sporolactobacillus
UMGS562	1262	Eubacterium
UMGS564	1263	Lachnoclostridium
UMGS566	1264	Dorea
UMGS567	1265	Desulfovibrio
UMGS569	1266	Prevotella
UMGS570	1267	Lachnobacterium
UMGS571	1268	Dialister
UMGS572	1269	Sanguibacteroides
UMGS573	1270	Roseburia
UMGS574	1271	Eubacterium
UMGS578	1272	Clostridium
UMGS579	1273	Alistipes
UMGS580	1274	Prevotella
UMGS582	1275	Collinsella
UMGS585	1276	Collinsella
UMGS586	1277	Collinsella
UMGS587	1278	Collinsella
UMGS588	1279	Collinsella
UMGS589	1280	Collinsella
UMGS59	1281	Eubacterium
UMGS590	1282	Collinsella
UMGS593	1283	Clostridium
UMGS594	1284	Anaerococcus
UMGS595	1285	Collinsella
UMGS6	1286	Collinsella
UMGS600	1287	Clostridium
UMGS602	1288	Fusobacterium
UMGS603	1289	Bifidobacterium
UMGS604	1290	Blautia
UMGS605	1291	Ruminococcus
UMGS607	1292	Flavobacterium
UMGS61	1293	Dialister
UMGS613	1294	Sutterella
UMGS615	1295	Clostridium
UMGS616	1296	Collinsella
UMGS617	1297	Prevotella
UMGS62	1298	Peptoniphilus
UMGS620	1299	Clostridium
UMGS622	1300	Bacteroides
UMGS623	1301	Collinsella
UMGS624	1302	Bacteroides
UMGS626	1303	Prevotella
UMGS627	1304	Veillonella
UMGS628	1305	Odoribacter
UMGS63	1306	Azospirillum
UMGS630	1307	Bacteroides
UMGS631	1308	Eubacterium
UMGS632	1309	Clostridium
UMGS633	1310	Collinsella
UMGS634	1311	Olsenella
UMGS638	1312	Oscillibacter
UMGS639	1313	Collinsella
UMGS640	1314	Collinsella
UMGS641	1315	Collinsella
UMGS642	1316	Collinsella
UMGS643	1317	Collinsella
UMGS644	1318	Collinsella
UMGS645	1319	Collinsella
UMGS646	1320	Ruminococcus
UMGS647	1321	Parabacteroides
UMGS648	1322	Alistipes
UMGS649	1323	Collinsella
UMGS65	1324	Azospirillum
UMGS651	1325	Collinsella
UMGS652	1326	Collinsella
UMGS653	1327	Collinsella
UMGS654	1328	Alistipes
UMGS655	1329	Sutterella
UMGS657	1330	Alistipes
UMGS660	1331	Eubacterium
UMGS661	1332	Sutterella
UMGS662	1333	Sutterella
UMGS663	1334	Succiniclasticum
UMGS665	1335	Sutterella
UMGS666	1336	Collinsella
UMGS667	1337	Acidaminococcus
UMGS669	1338	Ruminococcus
UMGS672	1339	Veillonella
UMGS674	1340	Collinsella
UMGS675	1341	Eggerthella
UMGS678	1342	Prevotella
UMGS68	1343	Olsenella
UMGS681	1344	Clostridium
UMGS682	1345	Butyricicoccus
UMGS683	1346	Oscillibacter
UMGS684	1347	Collinsella
UMGS69	1348	Megasphaera
UMGS691	1349	Cloacibacillus
UMGS695	1350	Solobacterium
UMGS698	1351	Bacteroides
UMGS699	1352	Clostridium
UMGS70	1353	Sutterella
UMGS701	1354	Collinsella
UMGS704	1355	Collinsella
UMGS706	1356	Phascolarctobacterium
UMGS709	1357	Oscillibacter
UMGS71	1358	Sutterella
UMGS712	1359	Prevotella
UMGS713	1360	Porphyromonas
UMGS714	1361	Collinsella
UMGS716	1362	Collinsella
UMGS717	1363	Phascolarctobacterium
UMGS718	1364	Sutterella
UMGS719	1365	Collinsella
UMGS720	1366	Collinsella
UMGS721	1367	Collinsella
UMGS722	1368	Collinsella
UMGS723	1369	Collinsella
UMGS724	1370	Collinsella
UMGS725	1371	Clostridium
UMGS727	1372	Collinsella
UMGS728	1373	Oscillibacter
UMGS73	1374	Clostridium
UMGS733	1375	Phascolarctobacterium
UMGS734	1376	Fusobacterium
UMGS737	1377	Oscillibacter
UMGS739	1378	Ruminococcus
UMGS74	1379	Bifidobacterium
UMGS741	1380	Collinsella
UMGS742	1381	Collinsella
UMGS744	1382	Peptostreptococcus
UMGS745	1383	Collinsella
UMGS749	1384	Veillonella
UMGS750	1385	Akkermansia
UMGS751	1386	Collinsella
UMGS753	1387	Collinsella
UMGS757	1388	Sutterella
UMGS758	1389	Eubacterium
UMGS760	1390	Negativicoccus
UMGS761	1391	Ruminococcus
UMGS763	1392	Alistipes
UMGS766	1393	Dialister
UMGS767	1394	Sutterella
UMGS769	1395	Prevotella
UMGS770	1396	Prevotella
UMGS771	1397	Ruminococcus
UMGS774	1398	Rothia
UMGS776	1399	Brachyspira
UMGS779	1400	Collinsella
UMGS78	1401	Roseburia
UMGS780	1402	Prevotella
UMGS781	1403	Desulfovibrio
UMGS783	1404	Collinsella
UMGS784	1405	Collinsella
UMGS786	1406	Clostridium
UMGS787	1407	Collinsella
UMGS788	1408	Collinsella
UMGS789	1409	Collinsella
UMGS79	1410	Clostridium
UMGS790	1411	Collinsella
UMGS791	1412	Phascolarctobacterium
UMGS793	1413	Pseudobutyrivibrio
UMGS795	1414	Subdoligranulum
UMGS796	1415	Prevotella
UMGS797	1416	Clostridium
UMGS799	1417	Dialister
UMGS8	1418	Veillonella
UMGS80	1419	Clostridium
UMGS801	1420	Collinsella
UMGS803	1421	Clostridium
UMGS804	1422	Collinsella
UMGS805	1423	Treponema
UMGS806	1424	Collinsella
UMGS809	1425	Eubacterium
UMGS812	1426	Eubacterium
UMGS813	1427	Cloacibacillus
UMGS816	1428	Barnesiella
UMGS817	1429	Collinsella
UMGS819	1430	Collinsella
UMGS82	1431	Clostridium
UMGS820	1432	Collinsella
UMGS822	1433	Actinomyces
UMGS823	1434	Veillonella
UMGS825	1435	Collinsella
UMGS826	1436	Clostridium
UMGS832	1437	Prevotella
UMGS833	1438	Collinsella
UMGS836	1439	Morganella
UMGS840	1440	Alistipes
UMGS842	1441	Alistipes
UMGS844	1442	Collinsella
UMGS845	1443	Bacteroides
UMGS846	1444	Prevotella
UMGS847	1445	Desulfovibrio
UMGS848	1446	Blautia
UMGS849	1447	Clostridium
UMGS85	1448	Lachnospira
UMGS850	1449	Collinsella
UMGS851	1450	Collinsella
UMGS852	1451	Collinsella
UMGS853	1452	Collinsella
UMGS854	1453	Eggerthella
UMGS857	1454	Alistipes
UMGS864	1455	Solobacterium
UMGS866	1456	Clostridium
UMGS867	1457	Streptococcus
UMGS868	1458	Prevotella
UMGS869	1459	Solobacterium
UMGS871	1460	Bacteroides
UMGS876	1461	Collinsella
UMGS877	1462	Collinsella
UMGS878	1463	Collinsella
UMGS88	1464	Clostridium
UMGS881	1465	Pseudobutyrivibrio
UMGS886	1466	Solobacterium
UMGS888	1467	Collinsella
UMGS889	1468	Prevotella
UMGS89	1469	Roseburia
UMGS891	1470	Eubacterium
UMGS892	1471	Collinsella
UMGS895	1472	Treponema
UMGS896	1473	Lactobacillus
UMGS899	1474	Prevotella
UMGS9	1475	Veillonella
UMGS90	1476	Faecalibacterium
UMGS901	1477	Bacteroides
UMGS903	1478	Prevotella
UMGS904	1479	Lachnobacterium
UMGS906	1480	Oscillibacter
UMGS907	1481	Porphyromonas
UMGS908	1482	Paraprevotella
UMGS909	1483	Collinsella
UMGS91	1484	Ruminococcus
UMGS912	1485	Collinsella
UMGS919	1486	Collinsella
UMGS92	1487	Peptoniphilus
UMGS920	1488	Butyrivibrio
UMGS921	1489	Collinsella
UMGS923	1490	Ruminococcus
UMGS925	1491	Collinsella
UMGS93	1492	Cryptobacterium
UMGS933	1493	Bacteroides
UMGS935	1494	Anaerosporobacter
UMGS937	1495	Prevotella
UMGS938	1496	Collinsella
UMGS939	1497	Anaeromassilibacillus
UMGS94	1498	Collinsella
UMGS941	1499	Sutterella
UMGS943	1500	Collinsella
UMGS944	1501	Clostridium
UMGS945	1502	Clostridium
UMGS950	1503	Prevotella
UMGS954	1504	Prevotella
UMGS955	1505	Collinsella
UMGS956	1506	Actinomyces
UMGS958	1507	Veillonella
UMGS959	1508	Collinsella
UMGS960	1509	Clostridium
UMGS961	1510	Butyricicoccus
UMGS962	1511	Collinsella
UMGS963	1512	Bacteroides
UMGS965	1513	Eubacterium
UMGS967	1514	Blautia
UMGS969	1515	Collinsella
UMGS97	1516	Blautia
UMGS970	1517	Pantoea
UMGS971	1518	Butyricimonas
UMGS972	1519	Collinsella
UMGS978	1520	Prevotella
UMGS980	1521	Bacteroides
UMGS983	1522	Phascolarctobacterium
UMGS984	1523	Parabacteroides
UMGS985	1524	Dorea
UMGS986	1525	Oribacterium
UMGS987	1526	Faecalibacterium
UMGS988	1527	Collinsella
UMGS989	1528	Collinsella
UMGS990	1529	Clostridium
UMGS992	1530	Ruminococcus
UMGS994	1531	Collinsella
UMGS996	1532	Collinsella
UMGS997	1533	Blautia
UMGS998	1534	Desulfovibrio
